0,1,2,3,4,5,6,7,8,9,10,11,12,13,14,15,16,17,18,19,20,21,22,23,24,25,26,27,28,29,30,31,32,33,34,35,36,37,38,39,40,41,42,43,44,45,46,47,48,49,50,51,52,53,54,55,56,57,58,59,60,61,62,63,64,65,66,67,68,69,70,71,72,73,74,75,76,77,78,79,80,81,82,83,84,85,86,87,88,89,90,91,92,93,94,95,96,97,98,99,100,101,102,103,104,105,106,107,108,109,110,111,112,113,114,115,116,117,118,119,120,121,122,123,124,125,126,127,128,129,130,131,132,133,134,135,136,137,138,139,140,141,142,143,144,145,146,147,148,149,150,151,152,153,154,155,156,157,158,159,160,161,162,163,164,165,166,167,168,169,170,171,172,173,174,175,176,177,178,179,180,181,182,183,184,185,186,187,188,189,190,191,192,193,194,195,196,197,198,199
-0.305,-0.31,-0.3,-0.305,-0.29,-0.3,-0.3,-0.305,-0.305,-0.29,-0.28,-0.295,-0.305,-0.315,-0.305,-0.295,-0.29,-0.28,-0.27,-0.275,-0.275,-0.27,-0.25,-0.25,-0.255,-0.225,-0.22,-0.205,-0.2,-0.205,-0.215,-0.23,-0.22,-0.225,-0.225,-0.225,-0.23,-0.235,-0.24,-0.235,-0.22,-0.21,-0.205,-0.245,-0.285,-0.285,-0.3,-0.31,-0.33,-0.33,-0.325,-0.315,-0.32,-0.315,-0.325,-0.34,-0.345,-0.34,-0.34,-0.35,-0.345,-0.355,-0.33,-0.335,-0.33,-0.32,-0.345,-0.355,-0.34,-0.33,-0.325,-0.33,-0.35,-0.365,-0.36,-0.38,-0.425,-0.445,-0.475,-0.51,-0.535,-0.505,-0.415,-0.3,-0.16,-0.015,0.235,0.49,0.72,0.875,0.94,0.905,0.755,0.49,0.165,-0.11,-0.27,-0.39,-0.45,-0.475,-0.455,-0.425,-0.39,-0.39,-0.385,-0.39,-0.38,-0.38,-0.38,-0.395,-0.385,-0.385,-0.385,-0.375,-0.395,-0.41,-0.41,-0.4,-0.395,-0.39,-0.405,-0.395,-0.385,-0.375,-0.39,-0.39,-0.405,-0.41,-0.41,-0.39,-0.39,-0.395,-0.405,-0.415,-0.4,-0.41,-0.405,-0.41,-0.415,-0.41,-0.4,-0.4,-0.395,-0.39,-0.405,-0.41,-0.39,-0.39,-0.385,-0.385,-0.41,-0.405,-0.395,-0.39,-0.375,-0.39,-0.395,-0.41,-0.4,-0.39,-0.39,-0.385,-0.405,-0.415,-0.415,-0.4,-0.395,-0.405,-0.415,-0.42,-0.42,-0.41,-0.415,-0.425,-0.42,-0.435,-0.43,-0.43,-0.42,-0.43,-0.45,-0.455,-0.45,-0.435,-0.445,-0.45,-0.455,-0.47,-0.46,-0.455,-0.45,-0.455,-0.47,-0.475,-0.46,-0.45,-0.445,-0.44,-0.435,-0.44
-0.33,-0.345,-0.345,-0.355,-0.35,-0.34,-0.33,-0.34,-0.34,-0.34,-0.33,-0.335,-0.33,-0.335,-0.345,-0.345,-0.34,-0.33,-0.315,-0.295,-0.3,-0.295,-0.285,-0.275,-0.265,-0.265,-0.265,-0.255,-0.25,-0.24,-0.225,-0.215,-0.24,-0.245,-0.24,-0.245,-0.235,-0.245,-0.25,-0.275,-0.275,-0.265,-0.25,-0.225,-0.22,-0.23,-0.265,-0.27,-0.28,-0.285,-0.305,-0.32,-0.34,-0.33,-0.335,-0.335,-0.355,-0.37,-0.36,-0.345,-0.35,-0.355,-0.365,-0.375,-0.38,-0.37,-0.365,-0.365,-0.38,-0.385,-0.38,-0.375,-0.355,-0.37,-0.39,-0.405,-0.41,-0.435,-0.465,-0.49,-0.52,-0.555,-0.57,-0.525,-0.405,-0.25,-0.09,0.12,0.41,0.69,0.885,0.96,0.85,0.52,0.05,-0.32,-0.5,-0.505,-0.445,-0.415,-0.395,-0.39,-0.395,-0.39,-0.395,-0.405,-0.395,-0.405,-0.39,-0.395,-0.395,-0.41,-0.405,-0.4,-0.4,-0.415,-0.405,-0.42,-0.415,-0.405,-0.405,-0.42,-0.42,-0.435,-0.42,-0.41,-0.41,-0.405,-0.425,-0.43,-0.42,-0.415,-0.41,-0.41,-0.425,-0.42,-0.4,-0.395,-0.4,-0.4,-0.395,-0.415,-0.405,-0.39,-0.4,-0.4,-0.415,-0.425,-0.425,-0.415,-0.415,-0.41,-0.425,-0.425,-0.42,-0.415,-0.4,-0.4,-0.41,-0.425,-0.41,-0.405,-0.395,-0.4,-0.4,-0.405,-0.385,-0.4,-0.39,-0.39,-0.4,-0.415,-0.405,-0.405,-0.41,-0.415,-0.42,-0.42,-0.425,-0.415,-0.415,-0.41,-0.435,-0.43,-0.435,-0.42,-0.42,-0.42,-0.42,-0.425,-0.425,-0.415,-0.395,-0.395,-0.39,-0.375,-0.36,-0.34,-0.335,-0.33
-0.375,-0.385,-0.355,-0.36,-0.355,-0.36,-0.36,-0.37,-0.36,-0.345,-0.355,-0.345,-0.345,-0.345,-0.34,-0.31,-0.305,-0.305,-0.31,-0.305,-0.29,-0.285,-0.275,-0.28,-0.28,-0.275,-0.265,-0.255,-0.245,-0.26,-0.265,-0.275,-0.28,-0.265,-0.27,-0.275,-0.28,-0.275,-0.28,-0.275,-0.265,-0.255,-0.24,-0.26,-0.28,-0.31,-0.31,-0.345,-0.36,-0.38,-0.385,-0.38,-0.37,-0.375,-0.385,-0.39,-0.395,-0.385,-0.385,-0.385,-0.395,-0.405,-0.4,-0.375,-0.375,-0.39,-0.395,-0.415,-0.405,-0.4,-0.39,-0.405,-0.425,-0.46,-0.475,-0.505,-0.51,-0.525,-0.54,-0.6,-0.645,-0.63,-0.575,-0.495,-0.385,-0.27,-0.115,0.09,0.37,0.635,0.81,0.86,0.77,0.475,0.065,-0.305,-0.5,-0.52,-0.475,-0.41,-0.39,-0.39,-0.4,-0.41,-0.405,-0.385,-0.39,-0.395,-0.405,-0.41,-0.405,-0.4,-0.39,-0.395,-0.41,-0.415,-0.41,-0.395,-0.405,-0.41,-0.405,-0.405,-0.41,-0.39,-0.385,-0.39,-0.395,-0.4,-0.4,-0.4,-0.395,-0.395,-0.405,-0.405,-0.4,-0.395,-0.385,-0.375,-0.385,-0.395,-0.39,-0.385,-0.375,-0.385,-0.395,-0.395,-0.385,-0.375,-0.375,-0.385,-0.395,-0.39,-0.39,-0.365,-0.375,-0.385,-0.395,-0.38,-0.385,-0.375,-0.38,-0.39,-0.38,-0.375,-0.375,-0.375,-0.375,-0.38,-0.39,-0.39,-0.365,-0.37,-0.375,-0.385,-0.39,-0.39,-0.375,-0.365,-0.385,-0.38,-0.39,-0.375,-0.375,-0.365,-0.37,-0.385,-0.395,-0.385,-0.385,-0.37,-0.365,-0.37,-0.375,-0.35,-0.335,-0.32,-0.315,-0.32,-0.325,-0.315
-0.345,-0.345,-0.35,-0.355,-0.345,-0.33,-0.33,-0.335,-0.335,-0.34,-0.33,-0.32,-0.29,-0.29,-0.3,-0.305,-0.285,-0.28,-0.275,-0.28,-0.275,-0.27,-0.265,-0.25,-0.23,-0.245,-0.24,-0.255,-0.255,-0.245,-0.235,-0.255,-0.265,-0.26,-0.255,-0.27,-0.265,-0.28,-0.255,-0.25,-0.245,-0.265,-0.28,-0.3,-0.315,-0.325,-0.335,-0.345,-0.33,-0.335,-0.345,-0.36,-0.35,-0.34,-0.335,-0.345,-0.36,-0.365,-0.375,-0.37,-0.365,-0.365,-0.38,-0.375,-0.375,-0.365,-0.37,-0.36,-0.37,-0.38,-0.365,-0.36,-0.35,-0.355,-0.37,-0.385,-0.395,-0.43,-0.445,-0.485,-0.515,-0.565,-0.555,-0.475,-0.355,-0.22,-0.055,0.185,0.475,0.705,0.82,0.78,0.535,0.145,-0.2,-0.42,-0.5,-0.48,-0.45,-0.41,-0.4,-0.39,-0.39,-0.4,-0.405,-0.425,-0.425,-0.405,-0.395,-0.405,-0.405,-0.415,-0.405,-0.385,-0.39,-0.395,-0.395,-0.395,-0.395,-0.385,-0.39,-0.39,-0.4,-0.425,-0.41,-0.4,-0.395,-0.4,-0.405,-0.425,-0.415,-0.405,-0.405,-0.405,-0.41,-0.415,-0.405,-0.42,-0.405,-0.41,-0.41,-0.42,-0.415,-0.405,-0.395,-0.395,-0.395,-0.4,-0.395,-0.395,-0.405,-0.405,-0.42,-0.435,-0.415,-0.405,-0.395,-0.39,-0.415,-0.405,-0.405,-0.4,-0.395,-0.395,-0.405,-0.42,-0.415,-0.4,-0.395,-0.4,-0.405,-0.425,-0.425,-0.425,-0.42,-0.425,-0.45,-0.445,-0.45,-0.435,-0.445,-0.47,-0.455,-0.46,-0.44,-0.435,-0.425,-0.43,-0.445,-0.45,-0.445,-0.43,-0.42,-0.41,-0.425,-0.42,-0.405,-0.38,-0.37,-0.365
-0.34,-0.34,-0.34,-0.325,-0.325,-0.325,-0.345,-0.35,-0.34,-0.33,-0.32,-0.31,-0.305,-0.305,-0.275,-0.27,-0.255,-0.26,-0.265,-0.26,-0.25,-0.235,-0.235,-0.22,-0.235,-0.235,-0.22,-0.23,-0.225,-0.235,-0.245,-0.255,-0.24,-0.23,-0.23,-0.25,-0.255,-0.25,-0.23,-0.205,-0.195,-0.21,-0.23,-0.27,-0.27,-0.285,-0.285,-0.31,-0.33,-0.34,-0.34,-0.345,-0.35,-0.35,-0.34,-0.355,-0.345,-0.34,-0.34,-0.345,-0.355,-0.37,-0.355,-0.37,-0.345,-0.34,-0.36,-0.38,-0.36,-0.345,-0.35,-0.35,-0.355,-0.38,-0.39,-0.395,-0.425,-0.455,-0.475,-0.51,-0.545,-0.54,-0.495,-0.405,-0.295,-0.16,0.04,0.315,0.595,0.8,0.885,0.795,0.52,0.13,-0.215,-0.425,-0.5,-0.49,-0.45,-0.4,-0.39,-0.395,-0.395,-0.4,-0.39,-0.38,-0.385,-0.385,-0.4,-0.41,-0.41,-0.39,-0.39,-0.405,-0.405,-0.415,-0.41,-0.395,-0.395,-0.4,-0.415,-0.415,-0.415,-0.4,-0.39,-0.39,-0.41,-0.415,-0.405,-0.395,-0.395,-0.395,-0.405,-0.41,-0.41,-0.4,-0.39,-0.395,-0.41,-0.425,-0.415,-0.405,-0.41,-0.405,-0.415,-0.425,-0.425,-0.41,-0.395,-0.39,-0.4,-0.41,-0.41,-0.4,-0.39,-0.41,-0.42,-0.42,-0.415,-0.415,-0.405,-0.42,-0.415,-0.425,-0.41,-0.4,-0.405,-0.4,-0.4,-0.41,-0.4,-0.395,-0.395,-0.405,-0.41,-0.425,-0.425,-0.41,-0.41,-0.42,-0.43,-0.445,-0.44,-0.435,-0.43,-0.43,-0.45,-0.445,-0.445,-0.435,-0.435,-0.445,-0.44,-0.45,-0.43,-0.43,-0.415,-0.4,-0.4,-0.385
-0.33,-0.33,-0.325,-0.315,-0.315,-0.315,-0.33,-0.33,-0.32,-0.315,-0.305,-0.305,-0.295,-0.315,-0.3,-0.275,-0.255,-0.255,-0.26,-0.265,-0.255,-0.235,-0.23,-0.225,-0.22,-0.22,-0.215,-0.2,-0.205,-0.205,-0.225,-0.235,-0.24,-0.23,-0.215,-0.24,-0.24,-0.25,-0.235,-0.21,-0.2,-0.22,-0.255,-0.275,-0.285,-0.3,-0.305,-0.32,-0.33,-0.325,-0.32,-0.33,-0.33,-0.335,-0.34,-0.345,-0.34,-0.335,-0.32,-0.325,-0.335,-0.345,-0.345,-0.345,-0.335,-0.34,-0.345,-0.355,-0.34,-0.34,-0.34,-0.34,-0.345,-0.355,-0.365,-0.37,-0.405,-0.445,-0.48,-0.495,-0.52,-0.535,-0.505,-0.415,-0.28,-0.135,0.065,0.3,0.58,0.81,0.945,0.92,0.775,0.445,0.02,-0.295,-0.445,-0.47,-0.425,-0.38,-0.36,-0.36,-0.37,-0.38,-0.38,-0.375,-0.37,-0.365,-0.37,-0.385,-0.385,-0.375,-0.37,-0.37,-0.385,-0.395,-0.385,-0.385,-0.39,-0.385,-0.395,-0.41,-0.4,-0.395,-0.38,-0.395,-0.395,-0.4,-0.4,-0.395,-0.39,-0.39,-0.395,-0.405,-0.39,-0.385,-0.375,-0.375,-0.38,-0.39,-0.385,-0.37,-0.37,-0.37,-0.375,-0.385,-0.37,-0.39,-0.375,-0.37,-0.38,-0.39,-0.39,-0.385,-0.375,-0.375,-0.385,-0.395,-0.39,-0.385,-0.375,-0.38,-0.385,-0.39,-0.38,-0.38,-0.37,-0.37,-0.365,-0.39,-0.365,-0.365,-0.36,-0.375,-0.38,-0.4,-0.39,-0.375,-0.375,-0.37,-0.385,-0.39,-0.39,-0.39,-0.39,-0.375,-0.385,-0.395,-0.38,-0.37,-0.375,-0.375,-0.39,-0.405,-0.375,-0.37,-0.36,-0.375,-0.385,-0.38
-0.295,-0.285,-0.28,-0.275,-0.28,-0.29,-0.31,-0.305,-0.285,-0.27,-0.27,-0.275,-0.285,-0.285,-0.27,-0.265,-0.265,-0.265,-0.28,-0.265,-0.245,-0.235,-0.235,-0.25,-0.25,-0.245,-0.215,-0.22,-0.245,-0.255,-0.23,-0.205,-0.21,-0.22,-0.23,-0.24,-0.24,-0.245,-0.25,-0.27,-0.285,-0.315,-0.32,-0.32,-0.31,-0.33,-0.34,-0.345,-0.36,-0.365,-0.36,-0.35,-0.355,-0.375,-0.385,-0.375,-0.37,-0.365,-0.365,-0.37,-0.38,-0.36,-0.35,-0.355,-0.355,-0.35,-0.365,-0.35,-0.35,-0.34,-0.355,-0.35,-0.375,-0.365,-0.375,-0.4,-0.43,-0.475,-0.52,-0.52,-0.55,-0.57,-0.54,-0.445,-0.305,-0.14,0.025,0.26,0.51,0.735,0.845,0.875,0.735,0.4,-0.025,-0.335,-0.48,-0.47,-0.415,-0.375,-0.365,-0.385,-0.4,-0.38,-0.39,-0.375,-0.385,-0.395,-0.405,-0.39,-0.38,-0.385,-0.385,-0.395,-0.4,-0.405,-0.4,-0.39,-0.39,-0.395,-0.4,-0.39,-0.385,-0.39,-0.385,-0.41,-0.42,-0.405,-0.41,-0.39,-0.39,-0.39,-0.4,-0.4,-0.39,-0.375,-0.38,-0.395,-0.4,-0.39,-0.4,-0.39,-0.395,-0.41,-0.415,-0.405,-0.385,-0.385,-0.38,-0.4,-0.4,-0.395,-0.39,-0.38,-0.375,-0.395,-0.395,-0.385,-0.38,-0.375,-0.385,-0.39,-0.4,-0.4,-0.385,-0.38,-0.395,-0.39,-0.4,-0.395,-0.385,-0.38,-0.385,-0.395,-0.405,-0.4,-0.39,-0.38,-0.38,-0.385,-0.405,-0.395,-0.4,-0.39,-0.4,-0.405,-0.425,-0.42,-0.405,-0.4,-0.405,-0.405,-0.415,-0.4,-0.39,-0.38,-0.385,-0.395,-0.405,-0.39
-0.345,-0.355,-0.36,-0.36,-0.365,-0.345,-0.355,-0.35,-0.36,-0.355,-0.36,-0.345,-0.335,-0.33,-0.33,-0.31,-0.305,-0.3,-0.305,-0.295,-0.305,-0.285,-0.275,-0.265,-0.255,-0.255,-0.26,-0.265,-0.255,-0.255,-0.26,-0.28,-0.29,-0.28,-0.27,-0.255,-0.275,-0.29,-0.32,-0.3,-0.295,-0.27,-0.265,-0.27,-0.285,-0.3,-0.31,-0.315,-0.32,-0.35,-0.37,-0.365,-0.365,-0.365,-0.37,-0.37,-0.37,-0.38,-0.36,-0.375,-0.375,-0.4,-0.42,-0.405,-0.4,-0.385,-0.38,-0.4,-0.415,-0.405,-0.395,-0.395,-0.395,-0.41,-0.43,-0.44,-0.455,-0.49,-0.485,-0.52,-0.57,-0.575,-0.525,-0.42,-0.305,-0.19,-0.02,0.22,0.485,0.715,0.845,0.885,0.79,0.56,0.225,-0.07,-0.285,-0.425,-0.5,-0.55,-0.535,-0.5,-0.465,-0.45,-0.45,-0.435,-0.42,-0.41,-0.41,-0.415,-0.42,-0.425,-0.42,-0.43,-0.43,-0.44,-0.45,-0.45,-0.43,-0.43,-0.43,-0.445,-0.445,-0.44,-0.425,-0.43,-0.43,-0.425,-0.445,-0.445,-0.43,-0.435,-0.435,-0.445,-0.445,-0.435,-0.43,-0.425,-0.43,-0.43,-0.44,-0.42,-0.43,-0.425,-0.43,-0.44,-0.44,-0.43,-0.43,-0.415,-0.425,-0.43,-0.455,-0.445,-0.445,-0.43,-0.43,-0.44,-0.44,-0.435,-0.43,-0.415,-0.415,-0.425,-0.425,-0.42,-0.405,-0.405,-0.415,-0.415,-0.425,-0.43,-0.405,-0.405,-0.405,-0.405,-0.43,-0.415,-0.41,-0.415,-0.43,-0.445,-0.465,-0.46,-0.45,-0.455,-0.46,-0.465,-0.485,-0.495,-0.475,-0.49,-0.5,-0.495,-0.515,-0.5,-0.485,-0.49,-0.485,-0.5
-0.355,-0.34,-0.345,-0.355,-0.355,-0.355,-0.34,-0.34,-0.345,-0.365,-0.37,-0.35,-0.33,-0.32,-0.315,-0.295,-0.305,-0.295,-0.3,-0.285,-0.275,-0.26,-0.275,-0.265,-0.26,-0.25,-0.245,-0.255,-0.265,-0.26,-0.26,-0.25,-0.26,-0.28,-0.28,-0.275,-0.285,-0.28,-0.255,-0.245,-0.245,-0.26,-0.285,-0.29,-0.3,-0.32,-0.335,-0.355,-0.35,-0.355,-0.355,-0.375,-0.385,-0.38,-0.36,-0.35,-0.36,-0.365,-0.37,-0.37,-0.365,-0.36,-0.365,-0.37,-0.385,-0.385,-0.365,-0.36,-0.38,-0.385,-0.395,-0.395,-0.385,-0.38,-0.395,-0.425,-0.465,-0.5,-0.515,-0.53,-0.56,-0.585,-0.53,-0.41,-0.255,-0.105,0.105,0.355,0.6,0.81,0.89,0.83,0.58,0.185,-0.205,-0.45,-0.525,-0.495,-0.465,-0.435,-0.415,-0.415,-0.415,-0.4,-0.395,-0.405,-0.425,-0.435,-0.415,-0.415,-0.415,-0.415,-0.43,-0.42,-0.41,-0.405,-0.42,-0.41,-0.42,-0.4,-0.395,-0.385,-0.4,-0.4,-0.4,-0.4,-0.395,-0.4,-0.4,-0.4,-0.41,-0.395,-0.41,-0.4,-0.395,-0.405,-0.41,-0.415,-0.405,-0.4,-0.395,-0.405,-0.415,-0.405,-0.415,-0.41,-0.405,-0.405,-0.41,-0.405,-0.4,-0.395,-0.405,-0.405,-0.4,-0.395,-0.39,-0.395,-0.39,-0.395,-0.42,-0.415,-0.405,-0.4,-0.4,-0.415,-0.42,-0.41,-0.395,-0.4,-0.405,-0.415,-0.435,-0.415,-0.415,-0.4,-0.405,-0.42,-0.43,-0.425,-0.41,-0.41,-0.405,-0.415,-0.425,-0.425,-0.42,-0.41,-0.41,-0.42,-0.43,-0.425,-0.42,-0.405,-0.415,-0.41,-0.41,-0.385,-0.37,-0.36
-0.335,-0.32,-0.325,-0.315,-0.32,-0.32,-0.345,-0.335,-0.32,-0.31,-0.32,-0.32,-0.34,-0.33,-0.32,-0.31,-0.31,-0.31,-0.295,-0.28,-0.255,-0.25,-0.25,-0.255,-0.26,-0.24,-0.22,-0.23,-0.23,-0.215,-0.22,-0.225,-0.23,-0.23,-0.235,-0.245,-0.255,-0.24,-0.235,-0.245,-0.235,-0.23,-0.22,-0.195,-0.22,-0.245,-0.26,-0.27,-0.29,-0.3,-0.305,-0.305,-0.32,-0.33,-0.35,-0.35,-0.335,-0.335,-0.335,-0.34,-0.35,-0.35,-0.345,-0.335,-0.345,-0.355,-0.37,-0.35,-0.345,-0.335,-0.335,-0.335,-0.355,-0.355,-0.345,-0.355,-0.395,-0.45,-0.48,-0.505,-0.525,-0.545,-0.5,-0.395,-0.255,-0.07,0.145,0.425,0.685,0.875,0.925,0.795,0.47,0.02,-0.325,-0.47,-0.485,-0.41,-0.365,-0.355,-0.365,-0.38,-0.385,-0.38,-0.37,-0.37,-0.375,-0.385,-0.395,-0.385,-0.38,-0.385,-0.375,-0.39,-0.405,-0.405,-0.39,-0.385,-0.385,-0.39,-0.41,-0.4,-0.39,-0.385,-0.385,-0.395,-0.39,-0.395,-0.38,-0.375,-0.38,-0.385,-0.4,-0.385,-0.38,-0.375,-0.38,-0.395,-0.395,-0.385,-0.375,-0.37,-0.365,-0.385,-0.395,-0.385,-0.385,-0.37,-0.375,-0.37,-0.375,-0.375,-0.37,-0.355,-0.365,-0.38,-0.375,-0.37,-0.38,-0.365,-0.37,-0.375,-0.39,-0.38,-0.375,-0.38,-0.37,-0.375,-0.38,-0.385,-0.385,-0.37,-0.375,-0.375,-0.38,-0.38,-0.38,-0.38,-0.375,-0.39,-0.395,-0.385,-0.385,-0.375,-0.375,-0.385,-0.385,-0.39,-0.37,-0.365,-0.365,-0.375,-0.385,-0.35,-0.345,-0.325,-0.325,-0.33,-0.325,-0.325
-0.305,-0.29,-0.285,-0.29,-0.305,-0.31,-0.3,-0.3,-0.31,-0.315,-0.315,-0.31,-0.295,-0.3,-0.295,-0.315,-0.31,-0.29,-0.265,-0.24,-0.255,-0.24,-0.25,-0.225,-0.225,-0.215,-0.21,-0.2,-0.195,-0.195,-0.18,-0.175,-0.18,-0.205,-0.215,-0.21,-0.21,-0.21,-0.21,-0.215,-0.225,-0.21,-0.18,-0.17,-0.185,-0.24,-0.255,-0.255,-0.27,-0.275,-0.285,-0.3,-0.3,-0.315,-0.305,-0.3,-0.295,-0.3,-0.315,-0.31,-0.31,-0.3,-0.3,-0.305,-0.315,-0.325,-0.32,-0.32,-0.32,-0.325,-0.34,-0.335,-0.325,-0.315,-0.32,-0.345,-0.37,-0.395,-0.425,-0.445,-0.465,-0.51,-0.53,-0.485,-0.37,-0.235,-0.09,0.105,0.375,0.655,0.82,0.865,0.735,0.45,0.06,-0.27,-0.43,-0.46,-0.415,-0.385,-0.365,-0.355,-0.355,-0.345,-0.35,-0.35,-0.36,-0.345,-0.34,-0.34,-0.335,-0.335,-0.355,-0.345,-0.34,-0.335,-0.34,-0.35,-0.365,-0.36,-0.365,-0.35,-0.345,-0.365,-0.36,-0.35,-0.355,-0.35,-0.355,-0.35,-0.36,-0.335,-0.335,-0.33,-0.34,-0.35,-0.35,-0.345,-0.335,-0.345,-0.355,-0.355,-0.37,-0.355,-0.35,-0.345,-0.365,-0.365,-0.37,-0.365,-0.355,-0.345,-0.345,-0.345,-0.34,-0.335,-0.325,-0.335,-0.345,-0.35,-0.35,-0.355,-0.355,-0.36,-0.35,-0.36,-0.365,-0.345,-0.345,-0.33,-0.35,-0.345,-0.355,-0.35,-0.34,-0.335,-0.35,-0.365,-0.38,-0.385,-0.355,-0.36,-0.355,-0.37,-0.385,-0.37,-0.37,-0.35,-0.345,-0.365,-0.365,-0.36,-0.345,-0.33,-0.33,-0.33,-0.335,-0.315,-0.31,-0.285
-0.305,-0.31,-0.32,-0.31,-0.3,-0.295,-0.3,-0.315,-0.325,-0.325,-0.305,-0.31,-0.29,-0.315,-0.325,-0.32,-0.29,-0.28,-0.26,-0.26,-0.265,-0.26,-0.25,-0.23,-0.22,-0.22,-0.235,-0.22,-0.205,-0.205,-0.21,-0.21,-0.23,-0.24,-0.23,-0.225,-0.235,-0.25,-0.265,-0.26,-0.245,-0.215,-0.215,-0.245,-0.28,-0.275,-0.275,-0.295,-0.31,-0.325,-0.34,-0.34,-0.325,-0.315,-0.31,-0.315,-0.33,-0.33,-0.325,-0.325,-0.335,-0.345,-0.35,-0.35,-0.35,-0.345,-0.35,-0.365,-0.36,-0.35,-0.355,-0.345,-0.345,-0.35,-0.365,-0.38,-0.405,-0.425,-0.44,-0.47,-0.52,-0.54,-0.49,-0.39,-0.26,-0.115,0.085,0.36,0.615,0.78,0.835,0.72,0.41,0.03,-0.255,-0.415,-0.47,-0.465,-0.435,-0.395,-0.375,-0.37,-0.375,-0.375,-0.39,-0.4,-0.38,-0.385,-0.385,-0.385,-0.385,-0.37,-0.37,-0.36,-0.38,-0.38,-0.385,-0.37,-0.37,-0.365,-0.375,-0.385,-0.39,-0.39,-0.385,-0.385,-0.395,-0.39,-0.4,-0.405,-0.39,-0.395,-0.39,-0.405,-0.405,-0.4,-0.375,-0.38,-0.39,-0.395,-0.395,-0.39,-0.39,-0.385,-0.405,-0.4,-0.405,-0.395,-0.39,-0.395,-0.39,-0.4,-0.405,-0.405,-0.39,-0.39,-0.395,-0.4,-0.4,-0.395,-0.38,-0.37,-0.38,-0.385,-0.395,-0.39,-0.38,-0.38,-0.385,-0.39,-0.39,-0.4,-0.4,-0.405,-0.415,-0.42,-0.43,-0.43,-0.425,-0.42,-0.43,-0.445,-0.465,-0.455,-0.44,-0.425,-0.435,-0.45,-0.44,-0.445,-0.425,-0.425,-0.425,-0.43,-0.43,-0.415,-0.415,-0.385,-0.375,-0.385
-0.32,-0.315,-0.31,-0.295,-0.295,-0.305,-0.31,-0.3,-0.28,-0.275,-0.265,-0.275,-0.275,-0.26,-0.24,-0.24,-0.235,-0.24,-0.235,-0.225,-0.215,-0.205,-0.205,-0.21,-0.215,-0.22,-0.22,-0.215,-0.22,-0.22,-0.23,-0.23,-0.24,-0.21,-0.22,-0.23,-0.255,-0.235,-0.21,-0.19,-0.205,-0.225,-0.26,-0.275,-0.28,-0.285,-0.305,-0.32,-0.315,-0.335,-0.325,-0.335,-0.32,-0.325,-0.32,-0.325,-0.325,-0.31,-0.305,-0.32,-0.32,-0.33,-0.32,-0.32,-0.33,-0.33,-0.36,-0.355,-0.33,-0.325,-0.325,-0.335,-0.35,-0.34,-0.345,-0.355,-0.385,-0.425,-0.45,-0.47,-0.485,-0.51,-0.515,-0.455,-0.325,-0.165,0.01,0.25,0.515,0.74,0.885,0.935,0.835,0.525,0.12,-0.23,-0.425,-0.455,-0.42,-0.38,-0.36,-0.365,-0.375,-0.38,-0.355,-0.355,-0.37,-0.375,-0.385,-0.38,-0.365,-0.37,-0.37,-0.365,-0.38,-0.37,-0.375,-0.365,-0.37,-0.38,-0.375,-0.365,-0.36,-0.36,-0.355,-0.355,-0.37,-0.365,-0.355,-0.35,-0.35,-0.35,-0.36,-0.36,-0.36,-0.35,-0.355,-0.365,-0.37,-0.36,-0.35,-0.355,-0.35,-0.355,-0.37,-0.375,-0.36,-0.35,-0.345,-0.35,-0.37,-0.37,-0.355,-0.35,-0.345,-0.36,-0.37,-0.365,-0.36,-0.35,-0.355,-0.365,-0.365,-0.37,-0.365,-0.35,-0.35,-0.36,-0.36,-0.355,-0.345,-0.35,-0.345,-0.355,-0.37,-0.365,-0.355,-0.36,-0.365,-0.365,-0.38,-0.385,-0.375,-0.37,-0.375,-0.385,-0.395,-0.375,-0.385,-0.38,-0.37,-0.385,-0.385,-0.38,-0.37,-0.36,-0.35,-0.335,-0.33,-0.315
-0.295,-0.285,-0.295,-0.295,-0.31,-0.3,-0.285,-0.28,-0.275,-0.28,-0.265,-0.245,-0.23,-0.24,-0.24,-0.24,-0.245,-0.22,-0.22,-0.215,-0.2,-0.2,-0.21,-0.205,-0.195,-0.205,-0.21,-0.215,-0.225,-0.225,-0.2,-0.2,-0.21,-0.225,-0.22,-0.195,-0.18,-0.175,-0.205,-0.245,-0.265,-0.275,-0.28,-0.285,-0.3,-0.31,-0.325,-0.32,-0.325,-0.31,-0.325,-0.33,-0.34,-0.335,-0.33,-0.325,-0.32,-0.34,-0.345,-0.34,-0.33,-0.335,-0.33,-0.34,-0.34,-0.335,-0.335,-0.33,-0.335,-0.345,-0.375,-0.395,-0.43,-0.44,-0.45,-0.45,-0.475,-0.48,-0.51,-0.55,-0.575,-0.545,-0.49,-0.375,-0.25,-0.12,0.06,0.285,0.525,0.74,0.86,0.89,0.73,0.425,0.015,-0.285,-0.435,-0.45,-0.435,-0.385,-0.38,-0.37,-0.37,-0.37,-0.36,-0.36,-0.37,-0.385,-0.365,-0.36,-0.365,-0.365,-0.375,-0.385,-0.36,-0.365,-0.355,-0.375,-0.38,-0.375,-0.355,-0.355,-0.36,-0.365,-0.38,-0.37,-0.355,-0.35,-0.355,-0.365,-0.38,-0.365,-0.355,-0.355,-0.365,-0.385,-0.39,-0.375,-0.355,-0.365,-0.36,-0.355,-0.365,-0.365,-0.355,-0.345,-0.345,-0.365,-0.36,-0.375,-0.355,-0.36,-0.365,-0.365,-0.37,-0.36,-0.355,-0.36,-0.365,-0.385,-0.38,-0.365,-0.355,-0.335,-0.36,-0.36,-0.385,-0.38,-0.375,-0.36,-0.36,-0.365,-0.375,-0.365,-0.355,-0.36,-0.35,-0.36,-0.37,-0.37,-0.365,-0.37,-0.38,-0.39,-0.385,-0.38,-0.37,-0.37,-0.365,-0.365,-0.39,-0.375,-0.37,-0.355,-0.365,-0.36,-0.37,-0.35,-0.34,-0.325
-0.315,-0.335,-0.335,-0.33,-0.31,-0.31,-0.315,-0.33,-0.32,-0.315,-0.3,-0.285,-0.28,-0.265,-0.26,-0.265,-0.26,-0.255,-0.26,-0.25,-0.255,-0.24,-0.23,-0.205,-0.21,-0.225,-0.235,-0.225,-0.225,-0.23,-0.225,-0.24,-0.24,-0.23,-0.235,-0.25,-0.25,-0.255,-0.235,-0.22,-0.205,-0.215,-0.24,-0.265,-0.28,-0.28,-0.27,-0.27,-0.29,-0.32,-0.335,-0.34,-0.33,-0.33,-0.335,-0.35,-0.36,-0.35,-0.35,-0.345,-0.35,-0.355,-0.365,-0.36,-0.355,-0.35,-0.34,-0.36,-0.37,-0.37,-0.355,-0.345,-0.35,-0.37,-0.385,-0.41,-0.44,-0.46,-0.49,-0.54,-0.565,-0.55,-0.485,-0.365,-0.255,-0.125,0.09,0.36,0.6,0.75,0.795,0.7,0.44,0.095,-0.185,-0.37,-0.47,-0.49,-0.47,-0.44,-0.425,-0.41,-0.41,-0.41,-0.42,-0.4,-0.395,-0.405,-0.41,-0.405,-0.42,-0.395,-0.395,-0.39,-0.395,-0.395,-0.41,-0.4,-0.4,-0.41,-0.4,-0.405,-0.41,-0.41,-0.4,-0.39,-0.39,-0.4,-0.4,-0.395,-0.39,-0.385,-0.39,-0.41,-0.41,-0.41,-0.415,-0.41,-0.405,-0.42,-0.42,-0.42,-0.415,-0.41,-0.415,-0.425,-0.425,-0.42,-0.425,-0.42,-0.41,-0.41,-0.415,-0.41,-0.41,-0.4,-0.405,-0.405,-0.425,-0.42,-0.41,-0.4,-0.405,-0.415,-0.42,-0.41,-0.41,-0.4,-0.41,-0.415,-0.42,-0.41,-0.4,-0.39,-0.4,-0.415,-0.42,-0.415,-0.415,-0.4,-0.415,-0.43,-0.45,-0.44,-0.44,-0.435,-0.435,-0.44,-0.45,-0.435,-0.44,-0.43,-0.44,-0.445,-0.445,-0.44,-0.435,-0.42,-0.415,-0.41
-0.35,-0.335,-0.345,-0.35,-0.35,-0.355,-0.34,-0.335,-0.33,-0.34,-0.355,-0.355,-0.33,-0.315,-0.315,-0.315,-0.32,-0.3,-0.3,-0.28,-0.265,-0.28,-0.285,-0.265,-0.235,-0.23,-0.23,-0.245,-0.255,-0.25,-0.245,-0.25,-0.255,-0.265,-0.27,-0.29,-0.28,-0.275,-0.26,-0.255,-0.26,-0.275,-0.295,-0.3,-0.305,-0.335,-0.355,-0.35,-0.35,-0.35,-0.355,-0.37,-0.37,-0.36,-0.365,-0.355,-0.365,-0.375,-0.385,-0.38,-0.375,-0.355,-0.37,-0.385,-0.39,-0.39,-0.37,-0.36,-0.37,-0.38,-0.385,-0.38,-0.375,-0.37,-0.38,-0.405,-0.445,-0.465,-0.48,-0.485,-0.525,-0.555,-0.535,-0.45,-0.325,-0.185,-0.025,0.185,0.43,0.66,0.815,0.85,0.75,0.485,0.11,-0.21,-0.39,-0.46,-0.485,-0.47,-0.45,-0.425,-0.415,-0.405,-0.415,-0.415,-0.42,-0.4,-0.395,-0.385,-0.395,-0.4,-0.42,-0.41,-0.4,-0.4,-0.405,-0.405,-0.435,-0.42,-0.41,-0.405,-0.415,-0.43,-0.44,-0.435,-0.415,-0.42,-0.43,-0.415,-0.43,-0.425,-0.42,-0.42,-0.415,-0.425,-0.425,-0.42,-0.41,-0.41,-0.41,-0.42,-0.43,-0.42,-0.415,-0.395,-0.405,-0.415,-0.43,-0.42,-0.42,-0.415,-0.42,-0.425,-0.44,-0.43,-0.425,-0.415,-0.42,-0.425,-0.44,-0.43,-0.43,-0.425,-0.42,-0.415,-0.425,-0.43,-0.425,-0.415,-0.405,-0.405,-0.425,-0.415,-0.42,-0.42,-0.42,-0.435,-0.435,-0.44,-0.42,-0.43,-0.45,-0.455,-0.465,-0.465,-0.465,-0.465,-0.465,-0.47,-0.49,-0.485,-0.46,-0.455,-0.46,-0.455,-0.455,-0.44,-0.425,-0.415
-0.335,-0.355,-0.345,-0.34,-0.33,-0.34,-0.345,-0.35,-0.355,-0.35,-0.335,-0.33,-0.33,-0.33,-0.33,-0.305,-0.285,-0.275,-0.28,-0.285,-0.29,-0.275,-0.26,-0.245,-0.24,-0.24,-0.24,-0.235,-0.225,-0.22,-0.23,-0.24,-0.255,-0.255,-0.24,-0.24,-0.25,-0.27,-0.27,-0.24,-0.23,-0.225,-0.265,-0.295,-0.305,-0.325,-0.315,-0.325,-0.33,-0.345,-0.36,-0.365,-0.355,-0.345,-0.34,-0.335,-0.36,-0.355,-0.345,-0.335,-0.355,-0.35,-0.375,-0.375,-0.365,-0.365,-0.35,-0.37,-0.38,-0.365,-0.37,-0.355,-0.37,-0.38,-0.385,-0.385,-0.4,-0.43,-0.465,-0.485,-0.52,-0.555,-0.525,-0.435,-0.305,-0.155,0.01,0.26,0.535,0.76,0.89,0.905,0.705,0.36,-0.03,-0.32,-0.455,-0.475,-0.44,-0.395,-0.38,-0.38,-0.385,-0.395,-0.4,-0.405,-0.395,-0.41,-0.39,-0.395,-0.405,-0.405,-0.395,-0.385,-0.385,-0.405,-0.405,-0.4,-0.385,-0.38,-0.385,-0.405,-0.41,-0.4,-0.395,-0.385,-0.395,-0.41,-0.405,-0.405,-0.395,-0.39,-0.395,-0.395,-0.405,-0.41,-0.4,-0.385,-0.395,-0.4,-0.395,-0.385,-0.385,-0.375,-0.375,-0.38,-0.395,-0.385,-0.39,-0.385,-0.38,-0.39,-0.4,-0.4,-0.39,-0.365,-0.375,-0.385,-0.4,-0.4,-0.39,-0.38,-0.375,-0.385,-0.395,-0.38,-0.37,-0.365,-0.365,-0.375,-0.385,-0.375,-0.375,-0.365,-0.37,-0.375,-0.4,-0.395,-0.405,-0.37,-0.385,-0.4,-0.41,-0.4,-0.395,-0.375,-0.38,-0.385,-0.405,-0.385,-0.375,-0.37,-0.365,-0.365,-0.35,-0.355,-0.32,-0.31,-0.31,-0.305
-0.32,-0.31,-0.305,-0.315,-0.33,-0.32,-0.31,-0.305,-0.3,-0.295,-0.32,-0.31,-0.3,-0.275,-0.27,-0.26,-0.25,-0.235,-0.23,-0.225,-0.23,-0.23,-0.24,-0.23,-0.225,-0.205,-0.205,-0.2,-0.21,-0.195,-0.2,-0.19,-0.2,-0.21,-0.225,-0.225,-0.22,-0.22,-0.22,-0.23,-0.25,-0.245,-0.23,-0.205,-0.185,-0.195,-0.225,-0.25,-0.255,-0.265,-0.275,-0.305,-0.32,-0.325,-0.325,-0.33,-0.33,-0.325,-0.335,-0.34,-0.335,-0.32,-0.335,-0.345,-0.355,-0.35,-0.355,-0.35,-0.345,-0.34,-0.355,-0.35,-0.34,-0.34,-0.34,-0.355,-0.4,-0.435,-0.455,-0.47,-0.5,-0.54,-0.545,-0.465,-0.355,-0.21,-0.035,0.185,0.435,0.675,0.82,0.825,0.64,0.32,-0.07,-0.34,-0.445,-0.445,-0.41,-0.38,-0.375,-0.375,-0.37,-0.365,-0.36,-0.37,-0.375,-0.37,-0.36,-0.35,-0.355,-0.365,-0.38,-0.38,-0.37,-0.365,-0.365,-0.38,-0.385,-0.39,-0.38,-0.375,-0.375,-0.38,-0.39,-0.38,-0.375,-0.37,-0.365,-0.375,-0.385,-0.365,-0.36,-0.35,-0.355,-0.355,-0.37,-0.365,-0.35,-0.36,-0.365,-0.365,-0.375,-0.375,-0.355,-0.355,-0.37,-0.375,-0.38,-0.385,-0.37,-0.37,-0.36,-0.37,-0.375,-0.365,-0.355,-0.345,-0.36,-0.355,-0.365,-0.36,-0.345,-0.335,-0.335,-0.355,-0.355,-0.35,-0.34,-0.35,-0.35,-0.355,-0.365,-0.36,-0.365,-0.365,-0.365,-0.37,-0.375,-0.38,-0.365,-0.35,-0.36,-0.365,-0.38,-0.375,-0.37,-0.36,-0.365,-0.375,-0.38,-0.375,-0.36,-0.355,-0.355,-0.355,-0.35,-0.35,-0.34,-0.33
-0.335,-0.325,-0.325,-0.32,-0.325,-0.335,-0.32,-0.32,-0.31,-0.31,-0.32,-0.33,-0.34,-0.325,-0.305,-0.305,-0.29,-0.29,-0.27,-0.265,-0.265,-0.26,-0.26,-0.27,-0.275,-0.26,-0.245,-0.235,-0.23,-0.245,-0.24,-0.23,-0.24,-0.225,-0.24,-0.245,-0.24,-0.22,-0.22,-0.23,-0.245,-0.255,-0.24,-0.215,-0.225,-0.255,-0.285,-0.31,-0.31,-0.33,-0.335,-0.35,-0.35,-0.36,-0.355,-0.34,-0.34,-0.335,-0.35,-0.36,-0.36,-0.345,-0.345,-0.35,-0.35,-0.36,-0.35,-0.35,-0.345,-0.355,-0.355,-0.37,-0.375,-0.39,-0.425,-0.455,-0.475,-0.5,-0.54,-0.57,-0.51,-0.415,-0.335,-0.26,-0.15,-0.005,0.205,0.47,0.68,0.825,0.925,0.97,0.885,0.69,0.415,0.105,-0.15,-0.345,-0.435,-0.465,-0.455,-0.425,-0.415,-0.395,-0.375,-0.37,-0.395,-0.4,-0.4,-0.41,-0.4,-0.405,-0.4,-0.405,-0.395,-0.39,-0.38,-0.385,-0.405,-0.42,-0.405,-0.4,-0.39,-0.38,-0.395,-0.395,-0.4,-0.39,-0.41,-0.405,-0.41,-0.41,-0.395,-0.385,-0.395,-0.405,-0.42,-0.435,-0.415,-0.405,-0.41,-0.4,-0.41,-0.415,-0.41,-0.4,-0.405,-0.39,-0.39,-0.4,-0.39,-0.39,-0.39,-0.395,-0.42,-0.42,-0.415,-0.41,-0.395,-0.395,-0.4,-0.415,-0.415,-0.4,-0.4,-0.385,-0.39,-0.41,-0.395,-0.39,-0.38,-0.375,-0.39,-0.405,-0.42,-0.415,-0.415,-0.415,-0.435,-0.465,-0.455,-0.465,-0.46,-0.445,-0.455,-0.465,-0.475,-0.455,-0.46,-0.45,-0.455,-0.47,-0.455,-0.44,-0.42,-0.415,-0.42,-0.41,-0.41,-0.37
-0.35,-0.365,-0.355,-0.35,-0.34,-0.34,-0.355,-0.355,-0.35,-0.35,-0.335,-0.34,-0.34,-0.33,-0.35,-0.315,-0.3,-0.29,-0.275,-0.28,-0.285,-0.275,-0.27,-0.255,-0.24,-0.25,-0.255,-0.24,-0.225,-0.225,-0.24,-0.255,-0.26,-0.275,-0.26,-0.245,-0.255,-0.265,-0.28,-0.27,-0.25,-0.235,-0.23,-0.245,-0.27,-0.28,-0.28,-0.29,-0.315,-0.335,-0.355,-0.355,-0.355,-0.36,-0.36,-0.375,-0.38,-0.36,-0.355,-0.35,-0.345,-0.37,-0.37,-0.355,-0.355,-0.35,-0.345,-0.355,-0.355,-0.36,-0.355,-0.355,-0.355,-0.36,-0.375,-0.37,-0.39,-0.425,-0.465,-0.49,-0.525,-0.56,-0.56,-0.495,-0.36,-0.22,-0.045,0.19,0.475,0.725,0.895,0.895,0.71,0.35,-0.055,-0.35,-0.48,-0.49,-0.465,-0.415,-0.405,-0.395,-0.405,-0.42,-0.395,-0.415,-0.4,-0.39,-0.385,-0.395,-0.405,-0.395,-0.4,-0.39,-0.39,-0.4,-0.415,-0.405,-0.39,-0.38,-0.38,-0.405,-0.39,-0.4,-0.39,-0.38,-0.38,-0.405,-0.4,-0.41,-0.4,-0.395,-0.4,-0.4,-0.405,-0.39,-0.38,-0.385,-0.385,-0.39,-0.405,-0.4,-0.4,-0.39,-0.39,-0.41,-0.41,-0.405,-0.4,-0.41,-0.405,-0.41,-0.415,-0.41,-0.405,-0.395,-0.405,-0.4,-0.4,-0.395,-0.405,-0.38,-0.385,-0.39,-0.41,-0.395,-0.39,-0.38,-0.385,-0.405,-0.405,-0.405,-0.4,-0.41,-0.41,-0.415,-0.435,-0.43,-0.415,-0.42,-0.42,-0.44,-0.44,-0.435,-0.435,-0.435,-0.43,-0.445,-0.445,-0.42,-0.425,-0.41,-0.405,-0.4,-0.41,-0.38,-0.37,-0.35,-0.34,-0.355
-0.325,-0.315,-0.3,-0.295,-0.31,-0.315,-0.32,-0.315,-0.31,-0.295,-0.285,-0.27,-0.25,-0.245,-0.23,-0.22,-0.225,-0.235,-0.23,-0.22,-0.205,-0.19,-0.19,-0.19,-0.205,-0.205,-0.205,-0.21,-0.215,-0.225,-0.23,-0.225,-0.22,-0.22,-0.24,-0.24,-0.23,-0.205,-0.195,-0.195,-0.22,-0.245,-0.275,-0.26,-0.275,-0.285,-0.3,-0.3,-0.31,-0.31,-0.32,-0.32,-0.325,-0.335,-0.345,-0.335,-0.335,-0.33,-0.335,-0.345,-0.36,-0.345,-0.335,-0.345,-0.345,-0.355,-0.36,-0.355,-0.34,-0.34,-0.35,-0.35,-0.355,-0.355,-0.355,-0.37,-0.425,-0.465,-0.48,-0.5,-0.53,-0.535,-0.485,-0.395,-0.255,-0.095,0.095,0.35,0.63,0.845,0.955,0.975,0.825,0.48,0.055,-0.27,-0.455,-0.485,-0.44,-0.405,-0.375,-0.375,-0.39,-0.38,-0.36,-0.355,-0.345,-0.365,-0.375,-0.37,-0.37,-0.355,-0.37,-0.375,-0.38,-0.385,-0.38,-0.38,-0.38,-0.385,-0.395,-0.395,-0.39,-0.385,-0.38,-0.38,-0.395,-0.39,-0.38,-0.37,-0.375,-0.385,-0.38,-0.375,-0.365,-0.36,-0.365,-0.365,-0.385,-0.37,-0.365,-0.355,-0.385,-0.395,-0.395,-0.385,-0.37,-0.38,-0.37,-0.375,-0.39,-0.385,-0.38,-0.37,-0.37,-0.385,-0.385,-0.38,-0.385,-0.37,-0.375,-0.375,-0.38,-0.38,-0.355,-0.36,-0.365,-0.37,-0.38,-0.37,-0.375,-0.36,-0.37,-0.38,-0.385,-0.375,-0.375,-0.37,-0.37,-0.385,-0.4,-0.395,-0.385,-0.395,-0.38,-0.4,-0.4,-0.4,-0.39,-0.39,-0.385,-0.4,-0.4,-0.385,-0.38,-0.38,-0.385,-0.385,-0.405,-0.395
-0.32,-0.305,-0.31,-0.305,-0.295,-0.32,-0.305,-0.29,-0.285,-0.285,-0.285,-0.285,-0.265,-0.25,-0.25,-0.25,-0.25,-0.25,-0.25,-0.23,-0.215,-0.225,-0.225,-0.23,-0.23,-0.225,-0.215,-0.215,-0.23,-0.25,-0.24,-0.23,-0.23,-0.24,-0.25,-0.255,-0.22,-0.2,-0.2,-0.225,-0.265,-0.29,-0.29,-0.3,-0.31,-0.325,-0.335,-0.34,-0.35,-0.34,-0.34,-0.345,-0.33,-0.35,-0.345,-0.345,-0.34,-0.35,-0.355,-0.355,-0.355,-0.345,-0.34,-0.34,-0.355,-0.36,-0.36,-0.355,-0.345,-0.345,-0.36,-0.37,-0.375,-0.37,-0.38,-0.42,-0.465,-0.485,-0.515,-0.545,-0.575,-0.545,-0.45,-0.325,-0.195,-0.045,0.165,0.425,0.655,0.81,0.875,0.815,0.59,0.22,-0.15,-0.38,-0.47,-0.465,-0.425,-0.385,-0.375,-0.395,-0.385,-0.375,-0.355,-0.37,-0.36,-0.365,-0.37,-0.37,-0.36,-0.365,-0.375,-0.38,-0.37,-0.37,-0.37,-0.38,-0.385,-0.395,-0.39,-0.38,-0.375,-0.375,-0.395,-0.4,-0.395,-0.37,-0.37,-0.37,-0.365,-0.39,-0.385,-0.375,-0.36,-0.38,-0.39,-0.39,-0.385,-0.375,-0.375,-0.375,-0.38,-0.39,-0.38,-0.365,-0.38,-0.38,-0.385,-0.39,-0.39,-0.38,-0.38,-0.385,-0.395,-0.4,-0.385,-0.38,-0.36,-0.37,-0.375,-0.37,-0.385,-0.37,-0.365,-0.36,-0.365,-0.375,-0.38,-0.365,-0.37,-0.36,-0.37,-0.395,-0.385,-0.385,-0.39,-0.39,-0.39,-0.41,-0.39,-0.38,-0.39,-0.38,-0.395,-0.405,-0.405,-0.395,-0.39,-0.39,-0.41,-0.415,-0.39,-0.38,-0.39,-0.385,-0.39,-0.39,-0.38,-0.36
-0.315,-0.32,-0.325,-0.33,-0.33,-0.315,-0.31,-0.305,-0.31,-0.31,-0.3,-0.285,-0.275,-0.27,-0.27,-0.28,-0.265,-0.255,-0.25,-0.245,-0.25,-0.245,-0.225,-0.215,-0.22,-0.22,-0.23,-0.235,-0.24,-0.24,-0.23,-0.225,-0.24,-0.27,-0.25,-0.255,-0.235,-0.225,-0.215,-0.24,-0.26,-0.275,-0.285,-0.315,-0.32,-0.345,-0.35,-0.35,-0.36,-0.365,-0.355,-0.36,-0.36,-0.36,-0.35,-0.345,-0.355,-0.375,-0.365,-0.35,-0.345,-0.34,-0.335,-0.355,-0.365,-0.35,-0.345,-0.345,-0.355,-0.37,-0.37,-0.365,-0.36,-0.385,-0.415,-0.455,-0.465,-0.46,-0.475,-0.495,-0.555,-0.585,-0.55,-0.46,-0.345,-0.205,-0.04,0.19,0.455,0.68,0.84,0.88,0.725,0.4,0.0,-0.28,-0.435,-0.51,-0.485,-0.46,-0.43,-0.405,-0.41,-0.41,-0.415,-0.405,-0.415,-0.395,-0.39,-0.395,-0.405,-0.41,-0.41,-0.395,-0.39,-0.4,-0.4,-0.395,-0.4,-0.385,-0.385,-0.395,-0.41,-0.42,-0.41,-0.4,-0.39,-0.41,-0.415,-0.425,-0.425,-0.405,-0.4,-0.425,-0.415,-0.415,-0.41,-0.405,-0.4,-0.41,-0.405,-0.415,-0.41,-0.4,-0.395,-0.4,-0.405,-0.405,-0.415,-0.405,-0.4,-0.405,-0.41,-0.42,-0.415,-0.4,-0.395,-0.4,-0.415,-0.42,-0.41,-0.4,-0.395,-0.4,-0.415,-0.41,-0.415,-0.415,-0.405,-0.41,-0.42,-0.44,-0.43,-0.43,-0.425,-0.435,-0.435,-0.44,-0.45,-0.45,-0.45,-0.465,-0.47,-0.485,-0.465,-0.455,-0.45,-0.45,-0.47,-0.485,-0.46,-0.445,-0.435,-0.425,-0.43,-0.43,-0.415,-0.385,-0.365,-0.375
-0.34,-0.345,-0.36,-0.35,-0.345,-0.335,-0.345,-0.345,-0.355,-0.345,-0.335,-0.325,-0.32,-0.305,-0.305,-0.3,-0.285,-0.28,-0.265,-0.275,-0.27,-0.245,-0.24,-0.23,-0.235,-0.23,-0.245,-0.245,-0.24,-0.25,-0.255,-0.255,-0.27,-0.265,-0.265,-0.265,-0.255,-0.25,-0.235,-0.23,-0.25,-0.26,-0.28,-0.305,-0.34,-0.33,-0.335,-0.33,-0.345,-0.35,-0.36,-0.36,-0.36,-0.365,-0.365,-0.355,-0.365,-0.36,-0.36,-0.36,-0.355,-0.375,-0.375,-0.365,-0.36,-0.37,-0.36,-0.38,-0.39,-0.385,-0.385,-0.365,-0.375,-0.375,-0.4,-0.395,-0.43,-0.46,-0.48,-0.51,-0.57,-0.585,-0.515,-0.385,-0.24,-0.085,0.125,0.405,0.675,0.865,0.935,0.84,0.555,0.14,-0.2,-0.405,-0.485,-0.485,-0.45,-0.385,-0.385,-0.385,-0.39,-0.385,-0.395,-0.39,-0.385,-0.385,-0.39,-0.395,-0.39,-0.39,-0.395,-0.38,-0.385,-0.39,-0.405,-0.4,-0.395,-0.39,-0.39,-0.39,-0.405,-0.375,-0.39,-0.38,-0.39,-0.385,-0.39,-0.385,-0.37,-0.365,-0.365,-0.38,-0.39,-0.39,-0.385,-0.375,-0.38,-0.39,-0.39,-0.395,-0.375,-0.385,-0.385,-0.4,-0.39,-0.385,-0.385,-0.375,-0.38,-0.395,-0.405,-0.385,-0.38,-0.375,-0.38,-0.38,-0.39,-0.39,-0.38,-0.355,-0.355,-0.37,-0.385,-0.375,-0.385,-0.375,-0.39,-0.39,-0.4,-0.4,-0.385,-0.39,-0.39,-0.405,-0.415,-0.405,-0.405,-0.405,-0.41,-0.425,-0.43,-0.42,-0.405,-0.41,-0.41,-0.41,-0.41,-0.4,-0.385,-0.37,-0.375,-0.36,-0.365,-0.355,-0.335,-0.315,-0.315,-0.31
-0.315,-0.315,-0.3,-0.3,-0.31,-0.32,-0.315,-0.305,-0.3,-0.3,-0.3,-0.3,-0.285,-0.26,-0.245,-0.24,-0.245,-0.25,-0.24,-0.245,-0.23,-0.22,-0.23,-0.235,-0.23,-0.205,-0.2,-0.195,-0.21,-0.215,-0.205,-0.205,-0.205,-0.21,-0.225,-0.23,-0.225,-0.22,-0.22,-0.215,-0.2,-0.19,-0.19,-0.205,-0.225,-0.25,-0.27,-0.3,-0.305,-0.32,-0.32,-0.325,-0.335,-0.34,-0.335,-0.345,-0.33,-0.33,-0.345,-0.345,-0.35,-0.335,-0.335,-0.335,-0.34,-0.345,-0.34,-0.32,-0.325,-0.325,-0.335,-0.345,-0.35,-0.395,-0.43,-0.46,-0.505,-0.545,-0.575,-0.56,-0.455,-0.33,-0.235,-0.13,0.0,0.16,0.35,0.545,0.7,0.815,0.93,1.035,1.05,0.92,0.57,0.115,-0.245,-0.42,-0.425,-0.39,-0.355,-0.36,-0.365,-0.355,-0.35,-0.36,-0.365,-0.39,-0.385,-0.375,-0.37,-0.37,-0.38,-0.395,-0.385,-0.375,-0.365,-0.37,-0.385,-0.4,-0.385,-0.385,-0.37,-0.375,-0.385,-0.395,-0.39,-0.37,-0.36,-0.36,-0.365,-0.37,-0.37,-0.365,-0.355,-0.36,-0.37,-0.38,-0.38,-0.365,-0.37,-0.365,-0.38,-0.39,-0.38,-0.38,-0.365,-0.365,-0.375,-0.385,-0.385,-0.375,-0.36,-0.355,-0.37,-0.375,-0.37,-0.37,-0.355,-0.365,-0.36,-0.385,-0.385,-0.38,-0.36,-0.365,-0.375,-0.38,-0.37,-0.37,-0.37,-0.36,-0.385,-0.395,-0.38,-0.375,-0.365,-0.375,-0.385,-0.39,-0.375,-0.37,-0.37,-0.37,-0.37,-0.385,-0.38,-0.385,-0.37,-0.37,-0.37,-0.38,-0.37,-0.345,-0.34,-0.325,-0.335,-0.325,-0.305,-0.295
-0.315,-0.32,-0.31,-0.31,-0.31,-0.305,-0.3,-0.31,-0.31,-0.3,-0.285,-0.29,-0.275,-0.275,-0.275,-0.27,-0.255,-0.24,-0.245,-0.24,-0.245,-0.245,-0.22,-0.205,-0.19,-0.195,-0.19,-0.2,-0.195,-0.2,-0.21,-0.215,-0.22,-0.21,-0.21,-0.2,-0.21,-0.22,-0.215,-0.22,-0.235,-0.225,-0.225,-0.22,-0.2,-0.205,-0.23,-0.25,-0.26,-0.285,-0.3,-0.315,-0.33,-0.325,-0.335,-0.34,-0.345,-0.33,-0.32,-0.32,-0.325,-0.335,-0.335,-0.335,-0.33,-0.33,-0.335,-0.35,-0.355,-0.35,-0.345,-0.34,-0.35,-0.36,-0.39,-0.4,-0.435,-0.465,-0.48,-0.515,-0.57,-0.58,-0.52,-0.4,-0.25,-0.095,0.1,0.395,0.66,0.83,0.88,0.76,0.46,0.07,-0.24,-0.425,-0.485,-0.48,-0.43,-0.4,-0.395,-0.4,-0.4,-0.395,-0.39,-0.375,-0.365,-0.37,-0.385,-0.395,-0.405,-0.39,-0.39,-0.385,-0.38,-0.395,-0.4,-0.38,-0.38,-0.375,-0.385,-0.395,-0.405,-0.4,-0.395,-0.395,-0.38,-0.395,-0.39,-0.395,-0.4,-0.39,-0.385,-0.39,-0.4,-0.39,-0.38,-0.38,-0.385,-0.38,-0.385,-0.37,-0.375,-0.37,-0.37,-0.375,-0.385,-0.385,-0.375,-0.385,-0.38,-0.4,-0.405,-0.4,-0.385,-0.38,-0.375,-0.395,-0.405,-0.405,-0.395,-0.39,-0.38,-0.385,-0.395,-0.375,-0.375,-0.38,-0.385,-0.375,-0.385,-0.385,-0.375,-0.38,-0.4,-0.405,-0.415,-0.41,-0.415,-0.4,-0.41,-0.41,-0.415,-0.415,-0.415,-0.415,-0.415,-0.425,-0.445,-0.43,-0.42,-0.415,-0.4,-0.41,-0.405,-0.385,-0.375,-0.35,-0.35,-0.35
-0.33,-0.335,-0.34,-0.32,-0.325,-0.33,-0.35,-0.35,-0.335,-0.32,-0.31,-0.305,-0.295,-0.295,-0.275,-0.27,-0.255,-0.265,-0.25,-0.25,-0.25,-0.225,-0.22,-0.22,-0.23,-0.25,-0.25,-0.25,-0.235,-0.23,-0.245,-0.24,-0.235,-0.235,-0.23,-0.255,-0.26,-0.275,-0.265,-0.255,-0.23,-0.225,-0.24,-0.27,-0.285,-0.295,-0.305,-0.32,-0.355,-0.365,-0.36,-0.365,-0.355,-0.355,-0.36,-0.365,-0.365,-0.355,-0.345,-0.355,-0.37,-0.385,-0.37,-0.35,-0.35,-0.345,-0.36,-0.37,-0.37,-0.36,-0.345,-0.36,-0.365,-0.385,-0.39,-0.405,-0.43,-0.45,-0.47,-0.515,-0.55,-0.565,-0.505,-0.42,-0.295,-0.13,0.08,0.36,0.62,0.835,0.92,0.83,0.545,0.16,-0.18,-0.395,-0.49,-0.515,-0.47,-0.425,-0.41,-0.41,-0.415,-0.41,-0.405,-0.395,-0.395,-0.395,-0.405,-0.41,-0.4,-0.405,-0.395,-0.4,-0.41,-0.42,-0.415,-0.415,-0.405,-0.41,-0.43,-0.445,-0.445,-0.425,-0.415,-0.42,-0.42,-0.425,-0.42,-0.425,-0.41,-0.415,-0.435,-0.44,-0.435,-0.415,-0.415,-0.41,-0.41,-0.42,-0.43,-0.435,-0.425,-0.42,-0.42,-0.425,-0.425,-0.425,-0.42,-0.425,-0.425,-0.425,-0.42,-0.415,-0.415,-0.415,-0.42,-0.43,-0.425,-0.42,-0.415,-0.42,-0.42,-0.43,-0.42,-0.42,-0.41,-0.405,-0.425,-0.435,-0.44,-0.42,-0.415,-0.43,-0.44,-0.45,-0.45,-0.445,-0.445,-0.445,-0.465,-0.475,-0.49,-0.48,-0.475,-0.48,-0.485,-0.49,-0.485,-0.475,-0.455,-0.465,-0.46,-0.47,-0.455,-0.45,-0.435,-0.43,-0.43,-0.42
-0.365,-0.365,-0.38,-0.38,-0.37,-0.36,-0.36,-0.35,-0.36,-0.365,-0.35,-0.345,-0.335,-0.325,-0.32,-0.33,-0.32,-0.3,-0.3,-0.295,-0.305,-0.295,-0.285,-0.27,-0.27,-0.255,-0.265,-0.27,-0.275,-0.265,-0.275,-0.27,-0.285,-0.295,-0.295,-0.285,-0.275,-0.28,-0.3,-0.29,-0.285,-0.255,-0.24,-0.27,-0.3,-0.34,-0.34,-0.35,-0.36,-0.38,-0.39,-0.405,-0.4,-0.385,-0.385,-0.385,-0.405,-0.41,-0.405,-0.39,-0.4,-0.395,-0.415,-0.415,-0.405,-0.395,-0.39,-0.39,-0.405,-0.415,-0.415,-0.4,-0.405,-0.43,-0.48,-0.525,-0.55,-0.57,-0.595,-0.645,-0.64,-0.57,-0.44,-0.335,-0.25,-0.15,-0.015,0.16,0.41,0.665,0.855,0.955,0.91,0.645,0.215,-0.195,-0.445,-0.54,-0.51,-0.485,-0.435,-0.445,-0.44,-0.44,-0.44,-0.45,-0.455,-0.455,-0.45,-0.455,-0.46,-0.47,-0.465,-0.45,-0.44,-0.45,-0.445,-0.46,-0.46,-0.44,-0.445,-0.445,-0.45,-0.455,-0.45,-0.455,-0.435,-0.455,-0.45,-0.455,-0.455,-0.445,-0.44,-0.435,-0.435,-0.45,-0.445,-0.43,-0.44,-0.45,-0.45,-0.455,-0.46,-0.44,-0.435,-0.445,-0.455,-0.46,-0.455,-0.44,-0.445,-0.44,-0.45,-0.465,-0.45,-0.455,-0.44,-0.44,-0.45,-0.475,-0.455,-0.45,-0.45,-0.44,-0.44,-0.455,-0.44,-0.44,-0.435,-0.44,-0.445,-0.455,-0.45,-0.44,-0.435,-0.45,-0.445,-0.455,-0.45,-0.445,-0.445,-0.455,-0.47,-0.47,-0.48,-0.465,-0.455,-0.455,-0.465,-0.47,-0.47,-0.455,-0.455,-0.46,-0.45,-0.455,-0.445,-0.435,-0.41,-0.42
-0.405,-0.395,-0.405,-0.41,-0.41,-0.4,-0.395,-0.395,-0.395,-0.405,-0.39,-0.37,-0.365,-0.355,-0.355,-0.355,-0.35,-0.34,-0.33,-0.325,-0.34,-0.345,-0.345,-0.325,-0.3,-0.305,-0.305,-0.32,-0.3,-0.315,-0.295,-0.305,-0.32,-0.33,-0.32,-0.3,-0.295,-0.31,-0.325,-0.32,-0.3,-0.28,-0.295,-0.33,-0.365,-0.385,-0.39,-0.395,-0.395,-0.41,-0.42,-0.44,-0.43,-0.42,-0.415,-0.41,-0.43,-0.435,-0.43,-0.43,-0.42,-0.42,-0.44,-0.445,-0.43,-0.43,-0.425,-0.43,-0.43,-0.445,-0.44,-0.455,-0.43,-0.44,-0.455,-0.48,-0.51,-0.545,-0.565,-0.58,-0.635,-0.665,-0.63,-0.51,-0.355,-0.2,-0.025,0.24,0.54,0.755,0.845,0.795,0.55,0.12,-0.285,-0.52,-0.585,-0.56,-0.52,-0.5,-0.47,-0.475,-0.47,-0.46,-0.48,-0.485,-0.485,-0.47,-0.465,-0.475,-0.48,-0.49,-0.485,-0.475,-0.47,-0.475,-0.49,-0.495,-0.495,-0.495,-0.48,-0.49,-0.485,-0.495,-0.49,-0.485,-0.48,-0.475,-0.485,-0.49,-0.485,-0.48,-0.475,-0.485,-0.485,-0.51,-0.495,-0.49,-0.485,-0.475,-0.475,-0.495,-0.475,-0.475,-0.475,-0.47,-0.495,-0.495,-0.495,-0.49,-0.47,-0.485,-0.495,-0.505,-0.495,-0.49,-0.49,-0.48,-0.49,-0.5,-0.495,-0.49,-0.475,-0.48,-0.49,-0.5,-0.48,-0.485,-0.475,-0.48,-0.48,-0.48,-0.47,-0.465,-0.46,-0.475,-0.475,-0.48,-0.49,-0.48,-0.47,-0.48,-0.495,-0.505,-0.505,-0.485,-0.485,-0.485,-0.495,-0.505,-0.505,-0.49,-0.485,-0.5,-0.49,-0.5,-0.48,-0.47,-0.445,-0.45
-0.425,-0.42,-0.425,-0.42,-0.425,-0.44,-0.44,-0.425,-0.42,-0.42,-0.415,-0.425,-0.4,-0.38,-0.365,-0.37,-0.37,-0.365,-0.355,-0.345,-0.33,-0.32,-0.32,-0.33,-0.325,-0.315,-0.315,-0.315,-0.325,-0.34,-0.345,-0.335,-0.325,-0.335,-0.355,-0.38,-0.36,-0.345,-0.305,-0.295,-0.315,-0.335,-0.365,-0.37,-0.375,-0.385,-0.405,-0.43,-0.43,-0.43,-0.43,-0.435,-0.45,-0.46,-0.46,-0.46,-0.455,-0.45,-0.45,-0.465,-0.47,-0.47,-0.46,-0.475,-0.48,-0.49,-0.48,-0.465,-0.465,-0.48,-0.485,-0.495,-0.495,-0.49,-0.49,-0.525,-0.555,-0.6,-0.61,-0.62,-0.655,-0.68,-0.655,-0.575,-0.445,-0.31,-0.13,0.125,0.395,0.6,0.725,0.715,0.53,0.185,-0.195,-0.455,-0.59,-0.615,-0.585,-0.545,-0.535,-0.535,-0.535,-0.525,-0.505,-0.515,-0.505,-0.515,-0.515,-0.49,-0.495,-0.5,-0.49,-0.52,-0.51,-0.52,-0.505,-0.505,-0.505,-0.515,-0.515,-0.5,-0.51,-0.515,-0.525,-0.53,-0.525,-0.535,-0.52,-0.525,-0.52,-0.53,-0.52,-0.52,-0.51,-0.515,-0.51,-0.53,-0.53,-0.52,-0.51,-0.505,-0.525,-0.53,-0.525,-0.51,-0.495,-0.5,-0.51,-0.52,-0.52,-0.515,-0.505,-0.5,-0.51,-0.52,-0.505,-0.515,-0.51,-0.52,-0.505,-0.505,-0.515,-0.525,-0.5,-0.495,-0.495,-0.505,-0.495,-0.49,-0.475,-0.49,-0.495,-0.51,-0.505,-0.5,-0.5,-0.5,-0.505,-0.515,-0.505,-0.505,-0.515,-0.51,-0.525,-0.535,-0.535,-0.54,-0.52,-0.54,-0.54,-0.56,-0.55,-0.54,-0.545,-0.54,-0.545,-0.55,-0.555,-0.53
-0.44,-0.445,-0.435,-0.43,-0.43,-0.425,-0.43,-0.425,-0.41,-0.41,-0.38,-0.365,-0.37,-0.4,-0.39,-0.37,-0.355,-0.35,-0.36,-0.38,-0.37,-0.355,-0.33,-0.325,-0.325,-0.33,-0.32,-0.32,-0.315,-0.32,-0.34,-0.355,-0.35,-0.34,-0.34,-0.36,-0.37,-0.385,-0.37,-0.34,-0.325,-0.335,-0.38,-0.39,-0.41,-0.42,-0.42,-0.44,-0.45,-0.46,-0.445,-0.455,-0.435,-0.445,-0.45,-0.46,-0.465,-0.46,-0.455,-0.455,-0.465,-0.48,-0.465,-0.455,-0.455,-0.47,-0.47,-0.475,-0.485,-0.47,-0.48,-0.46,-0.48,-0.485,-0.485,-0.495,-0.525,-0.54,-0.57,-0.595,-0.635,-0.67,-0.63,-0.54,-0.415,-0.28,-0.08,0.165,0.435,0.675,0.8,0.83,0.66,0.345,-0.04,-0.35,-0.53,-0.605,-0.625,-0.59,-0.545,-0.52,-0.51,-0.53,-0.515,-0.5,-0.495,-0.495,-0.505,-0.505,-0.505,-0.495,-0.5,-0.5,-0.5,-0.52,-0.505,-0.495,-0.495,-0.5,-0.51,-0.515,-0.51,-0.5,-0.48,-0.5,-0.505,-0.52,-0.515,-0.505,-0.49,-0.51,-0.505,-0.5,-0.505,-0.49,-0.48,-0.49,-0.485,-0.5,-0.5,-0.49,-0.485,-0.495,-0.505,-0.505,-0.51,-0.5,-0.49,-0.49,-0.5,-0.51,-0.515,-0.495,-0.495,-0.49,-0.515,-0.51,-0.505,-0.495,-0.495,-0.485,-0.49,-0.51,-0.495,-0.485,-0.48,-0.48,-0.495,-0.51,-0.52,-0.51,-0.505,-0.515,-0.52,-0.54,-0.54,-0.52,-0.53,-0.535,-0.54,-0.555,-0.555,-0.54,-0.54,-0.545,-0.54,-0.55,-0.54,-0.53,-0.53,-0.525,-0.525,-0.52,-0.51,-0.495,-0.48,-0.465,-0.47,-0.465
-0.42,-0.405,-0.395,-0.39,-0.41,-0.415,-0.415,-0.41,-0.39,-0.39,-0.4,-0.395,-0.395,-0.375,-0.37,-0.345,-0.35,-0.34,-0.33,-0.32,-0.3,-0.305,-0.32,-0.32,-0.31,-0.285,-0.275,-0.28,-0.29,-0.295,-0.305,-0.3,-0.3,-0.31,-0.315,-0.325,-0.305,-0.305,-0.315,-0.315,-0.31,-0.305,-0.275,-0.255,-0.26,-0.295,-0.325,-0.34,-0.35,-0.35,-0.36,-0.375,-0.38,-0.405,-0.4,-0.405,-0.39,-0.405,-0.415,-0.425,-0.42,-0.415,-0.42,-0.41,-0.425,-0.425,-0.43,-0.41,-0.41,-0.4,-0.42,-0.43,-0.425,-0.415,-0.43,-0.45,-0.49,-0.54,-0.55,-0.57,-0.595,-0.605,-0.555,-0.425,-0.255,-0.08,0.16,0.445,0.705,0.885,1.005,1.045,0.975,0.74,0.35,-0.07,-0.405,-0.55,-0.56,-0.535,-0.5,-0.455,-0.455,-0.445,-0.445,-0.44,-0.455,-0.465,-0.465,-0.465,-0.465,-0.465,-0.48,-0.485,-0.48,-0.47,-0.47,-0.46,-0.46,-0.475,-0.475,-0.47,-0.455,-0.455,-0.46,-0.46,-0.46,-0.455,-0.45,-0.45,-0.455,-0.475,-0.465,-0.465,-0.45,-0.45,-0.455,-0.48,-0.47,-0.445,-0.435,-0.44,-0.45,-0.46,-0.46,-0.445,-0.43,-0.425,-0.45,-0.46,-0.455,-0.45,-0.44,-0.445,-0.44,-0.45,-0.445,-0.44,-0.435,-0.45,-0.45,-0.455,-0.455,-0.46,-0.45,-0.435,-0.465,-0.465,-0.45,-0.435,-0.43,-0.435,-0.45,-0.465,-0.465,-0.46,-0.455,-0.455,-0.46,-0.47,-0.47,-0.46,-0.45,-0.455,-0.46,-0.475,-0.46,-0.46,-0.45,-0.45,-0.445,-0.445,-0.435,-0.425,-0.42,-0.415,-0.395,-0.405,-0.385,-0.385
-0.375,-0.38,-0.39,-0.38,-0.375,-0.375,-0.365,-0.37,-0.37,-0.355,-0.36,-0.35,-0.335,-0.35,-0.35,-0.34,-0.32,-0.295,-0.295,-0.305,-0.315,-0.3,-0.285,-0.285,-0.285,-0.285,-0.27,-0.275,-0.26,-0.245,-0.25,-0.26,-0.27,-0.28,-0.28,-0.265,-0.265,-0.265,-0.275,-0.27,-0.255,-0.24,-0.23,-0.24,-0.275,-0.31,-0.305,-0.32,-0.33,-0.35,-0.37,-0.375,-0.365,-0.37,-0.37,-0.37,-0.38,-0.385,-0.38,-0.37,-0.36,-0.37,-0.385,-0.375,-0.375,-0.38,-0.38,-0.395,-0.4,-0.4,-0.39,-0.39,-0.39,-0.395,-0.415,-0.425,-0.435,-0.475,-0.5,-0.525,-0.57,-0.605,-0.595,-0.5,-0.36,-0.23,-0.055,0.2,0.5,0.73,0.855,0.835,0.62,0.225,-0.16,-0.415,-0.525,-0.515,-0.47,-0.435,-0.415,-0.415,-0.41,-0.405,-0.415,-0.42,-0.415,-0.4,-0.415,-0.42,-0.43,-0.42,-0.405,-0.41,-0.4,-0.415,-0.43,-0.42,-0.425,-0.405,-0.41,-0.42,-0.435,-0.43,-0.425,-0.415,-0.42,-0.425,-0.435,-0.425,-0.42,-0.41,-0.41,-0.42,-0.425,-0.415,-0.405,-0.4,-0.405,-0.4,-0.41,-0.42,-0.405,-0.395,-0.415,-0.41,-0.43,-0.425,-0.415,-0.415,-0.41,-0.42,-0.43,-0.425,-0.41,-0.41,-0.4,-0.405,-0.415,-0.42,-0.405,-0.4,-0.39,-0.4,-0.4,-0.405,-0.395,-0.39,-0.405,-0.4,-0.43,-0.43,-0.42,-0.415,-0.405,-0.425,-0.435,-0.43,-0.425,-0.415,-0.425,-0.425,-0.44,-0.435,-0.415,-0.415,-0.425,-0.43,-0.435,-0.41,-0.395,-0.385,-0.375,-0.38,-0.385,-0.38,-0.365,-0.345,-0.345,-0.36
-0.38,-0.39,-0.395,-0.39,-0.355,-0.35,-0.36,-0.375,-0.385,-0.38,-0.375,-0.35,-0.355,-0.355,-0.355,-0.345,-0.33,-0.315,-0.31,-0.325,-0.315,-0.3,-0.285,-0.265,-0.255,-0.27,-0.265,-0.265,-0.255,-0.255,-0.265,-0.275,-0.29,-0.275,-0.275,-0.285,-0.295,-0.3,-0.29,-0.27,-0.275,-0.295,-0.31,-0.345,-0.365,-0.37,-0.39,-0.385,-0.395,-0.41,-0.415,-0.405,-0.395,-0.4,-0.405,-0.4,-0.405,-0.41,-0.39,-0.395,-0.395,-0.415,-0.43,-0.43,-0.415,-0.41,-0.405,-0.41,-0.41,-0.42,-0.41,-0.415,-0.425,-0.455,-0.5,-0.51,-0.52,-0.52,-0.57,-0.615,-0.655,-0.64,-0.57,-0.475,-0.36,-0.235,-0.04,0.24,0.515,0.71,0.795,0.72,0.435,0.065,-0.25,-0.445,-0.535,-0.55,-0.51,-0.48,-0.45,-0.45,-0.445,-0.44,-0.455,-0.45,-0.45,-0.44,-0.44,-0.445,-0.45,-0.455,-0.445,-0.435,-0.43,-0.44,-0.455,-0.445,-0.445,-0.44,-0.435,-0.46,-0.46,-0.455,-0.465,-0.45,-0.445,-0.47,-0.485,-0.465,-0.46,-0.46,-0.45,-0.45,-0.47,-0.46,-0.455,-0.44,-0.435,-0.445,-0.45,-0.435,-0.44,-0.445,-0.445,-0.45,-0.45,-0.44,-0.435,-0.44,-0.445,-0.455,-0.475,-0.46,-0.45,-0.435,-0.44,-0.445,-0.455,-0.45,-0.435,-0.435,-0.45,-0.45,-0.46,-0.455,-0.44,-0.43,-0.425,-0.435,-0.46,-0.465,-0.445,-0.44,-0.44,-0.47,-0.48,-0.49,-0.48,-0.475,-0.485,-0.49,-0.495,-0.49,-0.49,-0.49,-0.495,-0.495,-0.51,-0.495,-0.495,-0.475,-0.475,-0.465,-0.475,-0.465,-0.43,-0.41,-0.405,-0.395
-0.39,-0.38,-0.38,-0.375,-0.38,-0.39,-0.41,-0.405,-0.395,-0.395,-0.385,-0.405,-0.405,-0.385,-0.37,-0.335,-0.325,-0.325,-0.345,-0.335,-0.325,-0.32,-0.32,-0.31,-0.31,-0.3,-0.29,-0.28,-0.285,-0.295,-0.305,-0.295,-0.29,-0.285,-0.29,-0.3,-0.315,-0.31,-0.31,-0.29,-0.275,-0.28,-0.3,-0.32,-0.34,-0.34,-0.37,-0.395,-0.42,-0.415,-0.425,-0.415,-0.41,-0.42,-0.425,-0.425,-0.43,-0.415,-0.41,-0.425,-0.44,-0.445,-0.435,-0.42,-0.41,-0.42,-0.435,-0.425,-0.425,-0.415,-0.42,-0.43,-0.435,-0.45,-0.47,-0.49,-0.52,-0.535,-0.555,-0.59,-0.615,-0.62,-0.555,-0.445,-0.325,-0.175,0.025,0.265,0.54,0.735,0.85,0.855,0.68,0.325,-0.085,-0.39,-0.52,-0.555,-0.53,-0.49,-0.455,-0.455,-0.465,-0.465,-0.45,-0.44,-0.45,-0.445,-0.465,-0.44,-0.45,-0.435,-0.44,-0.45,-0.46,-0.47,-0.455,-0.455,-0.46,-0.475,-0.485,-0.475,-0.465,-0.455,-0.46,-0.46,-0.46,-0.46,-0.465,-0.45,-0.455,-0.46,-0.48,-0.47,-0.46,-0.465,-0.455,-0.46,-0.47,-0.455,-0.45,-0.455,-0.455,-0.455,-0.47,-0.48,-0.47,-0.455,-0.46,-0.47,-0.48,-0.47,-0.465,-0.455,-0.46,-0.46,-0.465,-0.47,-0.455,-0.445,-0.445,-0.45,-0.455,-0.45,-0.44,-0.425,-0.435,-0.44,-0.45,-0.455,-0.455,-0.45,-0.445,-0.46,-0.46,-0.47,-0.465,-0.46,-0.46,-0.475,-0.49,-0.48,-0.48,-0.475,-0.485,-0.49,-0.5,-0.49,-0.485,-0.49,-0.49,-0.48,-0.5,-0.5,-0.51,-0.48,-0.49,-0.49,-0.485,-0.475
-0.37,-0.36,-0.375,-0.37,-0.375,-0.355,-0.34,-0.345,-0.34,-0.345,-0.325,-0.31,-0.305,-0.305,-0.3,-0.305,-0.3,-0.285,-0.265,-0.265,-0.27,-0.28,-0.275,-0.275,-0.265,-0.265,-0.275,-0.295,-0.29,-0.29,-0.27,-0.275,-0.285,-0.3,-0.295,-0.27,-0.24,-0.245,-0.26,-0.295,-0.31,-0.315,-0.325,-0.35,-0.365,-0.385,-0.38,-0.39,-0.37,-0.37,-0.375,-0.38,-0.39,-0.385,-0.39,-0.38,-0.39,-0.4,-0.405,-0.39,-0.385,-0.385,-0.395,-0.415,-0.405,-0.4,-0.385,-0.4,-0.4,-0.42,-0.42,-0.435,-0.45,-0.495,-0.52,-0.55,-0.555,-0.565,-0.58,-0.625,-0.66,-0.61,-0.505,-0.395,-0.24,-0.085,0.115,0.385,0.66,0.865,0.955,0.91,0.66,0.27,-0.14,-0.425,-0.52,-0.515,-0.49,-0.465,-0.445,-0.43,-0.435,-0.435,-0.45,-0.455,-0.45,-0.45,-0.44,-0.445,-0.455,-0.46,-0.46,-0.45,-0.45,-0.445,-0.45,-0.465,-0.455,-0.44,-0.435,-0.435,-0.44,-0.46,-0.455,-0.435,-0.44,-0.455,-0.45,-0.46,-0.46,-0.45,-0.445,-0.44,-0.455,-0.465,-0.455,-0.445,-0.44,-0.435,-0.445,-0.455,-0.44,-0.425,-0.43,-0.43,-0.445,-0.45,-0.43,-0.435,-0.425,-0.43,-0.435,-0.45,-0.45,-0.45,-0.435,-0.45,-0.44,-0.455,-0.445,-0.44,-0.435,-0.45,-0.455,-0.455,-0.44,-0.44,-0.42,-0.42,-0.43,-0.445,-0.445,-0.425,-0.425,-0.42,-0.42,-0.44,-0.435,-0.43,-0.425,-0.435,-0.445,-0.46,-0.455,-0.445,-0.435,-0.435,-0.45,-0.455,-0.455,-0.445,-0.435,-0.45,-0.455,-0.445,-0.455,-0.44,-0.43,-0.415
-0.39,-0.385,-0.375,-0.36,-0.37,-0.38,-0.39,-0.39,-0.375,-0.365,-0.375,-0.36,-0.37,-0.355,-0.32,-0.31,-0.3,-0.3,-0.31,-0.31,-0.285,-0.27,-0.255,-0.275,-0.275,-0.27,-0.275,-0.27,-0.28,-0.295,-0.31,-0.305,-0.295,-0.285,-0.285,-0.295,-0.315,-0.315,-0.31,-0.3,-0.29,-0.295,-0.285,-0.265,-0.265,-0.29,-0.305,-0.325,-0.355,-0.365,-0.375,-0.38,-0.385,-0.385,-0.405,-0.4,-0.385,-0.385,-0.395,-0.4,-0.42,-0.41,-0.405,-0.4,-0.405,-0.41,-0.425,-0.42,-0.42,-0.4,-0.405,-0.415,-0.43,-0.43,-0.435,-0.455,-0.495,-0.54,-0.56,-0.59,-0.63,-0.63,-0.565,-0.445,-0.325,-0.19,0.0,0.245,0.52,0.72,0.835,0.855,0.74,0.49,0.125,-0.19,-0.425,-0.535,-0.585,-0.585,-0.55,-0.505,-0.48,-0.46,-0.45,-0.44,-0.44,-0.435,-0.45,-0.45,-0.45,-0.445,-0.435,-0.45,-0.455,-0.46,-0.465,-0.435,-0.445,-0.45,-0.45,-0.46,-0.455,-0.445,-0.445,-0.465,-0.47,-0.45,-0.455,-0.425,-0.43,-0.43,-0.455,-0.44,-0.435,-0.425,-0.435,-0.435,-0.445,-0.45,-0.44,-0.44,-0.435,-0.44,-0.44,-0.445,-0.425,-0.42,-0.415,-0.425,-0.445,-0.45,-0.435,-0.425,-0.43,-0.45,-0.45,-0.44,-0.45,-0.425,-0.435,-0.445,-0.45,-0.445,-0.44,-0.425,-0.43,-0.45,-0.45,-0.445,-0.43,-0.43,-0.435,-0.435,-0.445,-0.445,-0.43,-0.425,-0.43,-0.445,-0.435,-0.43,-0.43,-0.425,-0.42,-0.425,-0.44,-0.44,-0.435,-0.435,-0.435,-0.44,-0.455,-0.455,-0.435,-0.425,-0.43,-0.43,-0.44,-0.43
-0.4,-0.4,-0.41,-0.42,-0.42,-0.41,-0.4,-0.415,-0.42,-0.43,-0.425,-0.41,-0.395,-0.38,-0.375,-0.37,-0.355,-0.345,-0.335,-0.335,-0.335,-0.335,-0.31,-0.3,-0.305,-0.295,-0.29,-0.3,-0.3,-0.295,-0.295,-0.305,-0.315,-0.33,-0.325,-0.325,-0.32,-0.315,-0.33,-0.355,-0.345,-0.32,-0.295,-0.305,-0.325,-0.375,-0.38,-0.385,-0.395,-0.405,-0.42,-0.435,-0.43,-0.42,-0.405,-0.4,-0.415,-0.435,-0.44,-0.45,-0.43,-0.44,-0.445,-0.45,-0.455,-0.45,-0.435,-0.44,-0.45,-0.46,-0.445,-0.44,-0.435,-0.43,-0.435,-0.46,-0.49,-0.51,-0.525,-0.55,-0.595,-0.645,-0.645,-0.555,-0.435,-0.305,-0.135,0.105,0.4,0.655,0.795,0.79,0.6,0.23,-0.145,-0.4,-0.52,-0.56,-0.55,-0.505,-0.465,-0.46,-0.455,-0.455,-0.45,-0.465,-0.46,-0.465,-0.47,-0.47,-0.47,-0.49,-0.485,-0.47,-0.465,-0.46,-0.465,-0.47,-0.48,-0.475,-0.465,-0.455,-0.475,-0.48,-0.46,-0.45,-0.44,-0.445,-0.445,-0.46,-0.455,-0.455,-0.465,-0.455,-0.48,-0.465,-0.465,-0.455,-0.455,-0.46,-0.475,-0.48,-0.47,-0.465,-0.455,-0.465,-0.45,-0.455,-0.45,-0.435,-0.43,-0.44,-0.445,-0.455,-0.455,-0.45,-0.44,-0.435,-0.455,-0.465,-0.455,-0.44,-0.44,-0.44,-0.44,-0.46,-0.455,-0.45,-0.43,-0.435,-0.455,-0.475,-0.475,-0.47,-0.46,-0.47,-0.465,-0.485,-0.49,-0.465,-0.46,-0.46,-0.475,-0.49,-0.5,-0.495,-0.485,-0.47,-0.485,-0.5,-0.5,-0.49,-0.475,-0.475,-0.465,-0.48,-0.455,-0.445,-0.425,-0.41
-0.385,-0.38,-0.38,-0.38,-0.37,-0.38,-0.37,-0.38,-0.385,-0.4,-0.375,-0.365,-0.345,-0.355,-0.35,-0.35,-0.33,-0.315,-0.31,-0.305,-0.315,-0.315,-0.3,-0.275,-0.28,-0.285,-0.29,-0.285,-0.27,-0.27,-0.275,-0.275,-0.285,-0.29,-0.295,-0.285,-0.285,-0.285,-0.3,-0.3,-0.295,-0.29,-0.27,-0.27,-0.285,-0.3,-0.315,-0.32,-0.33,-0.36,-0.39,-0.395,-0.415,-0.395,-0.4,-0.395,-0.405,-0.415,-0.4,-0.405,-0.4,-0.405,-0.405,-0.41,-0.405,-0.4,-0.41,-0.42,-0.43,-0.425,-0.42,-0.405,-0.42,-0.415,-0.435,-0.445,-0.47,-0.5,-0.52,-0.545,-0.595,-0.625,-0.59,-0.49,-0.34,-0.195,-0.015,0.245,0.52,0.745,0.885,0.88,0.68,0.325,-0.08,-0.355,-0.5,-0.55,-0.535,-0.485,-0.455,-0.44,-0.445,-0.44,-0.445,-0.44,-0.43,-0.425,-0.415,-0.435,-0.45,-0.445,-0.43,-0.425,-0.43,-0.44,-0.46,-0.455,-0.46,-0.455,-0.44,-0.45,-0.455,-0.46,-0.45,-0.435,-0.43,-0.44,-0.46,-0.46,-0.45,-0.44,-0.435,-0.435,-0.44,-0.44,-0.425,-0.425,-0.43,-0.435,-0.445,-0.445,-0.44,-0.435,-0.455,-0.44,-0.455,-0.445,-0.45,-0.44,-0.44,-0.445,-0.45,-0.445,-0.435,-0.43,-0.425,-0.43,-0.44,-0.435,-0.425,-0.43,-0.415,-0.435,-0.45,-0.44,-0.43,-0.425,-0.42,-0.435,-0.445,-0.44,-0.435,-0.43,-0.44,-0.455,-0.46,-0.47,-0.455,-0.455,-0.465,-0.47,-0.485,-0.485,-0.475,-0.475,-0.475,-0.47,-0.48,-0.475,-0.475,-0.46,-0.465,-0.47,-0.465,-0.465,-0.45,-0.445,-0.43,-0.435
-0.375,-0.385,-0.36,-0.355,-0.34,-0.345,-0.35,-0.365,-0.36,-0.345,-0.34,-0.34,-0.34,-0.345,-0.335,-0.325,-0.29,-0.28,-0.285,-0.295,-0.29,-0.275,-0.275,-0.26,-0.25,-0.26,-0.245,-0.23,-0.23,-0.24,-0.24,-0.25,-0.265,-0.25,-0.245,-0.235,-0.25,-0.28,-0.27,-0.24,-0.22,-0.21,-0.235,-0.285,-0.29,-0.315,-0.31,-0.31,-0.34,-0.36,-0.345,-0.345,-0.34,-0.365,-0.355,-0.38,-0.365,-0.355,-0.36,-0.355,-0.36,-0.375,-0.38,-0.37,-0.365,-0.36,-0.36,-0.375,-0.375,-0.375,-0.355,-0.365,-0.365,-0.39,-0.415,-0.43,-0.47,-0.5,-0.525,-0.58,-0.6,-0.56,-0.445,-0.305,-0.16,-0.005,0.23,0.535,0.795,0.985,1.05,0.975,0.715,0.27,-0.145,-0.41,-0.52,-0.5,-0.435,-0.39,-0.39,-0.4,-0.41,-0.42,-0.415,-0.405,-0.41,-0.415,-0.42,-0.435,-0.435,-0.425,-0.42,-0.425,-0.43,-0.435,-0.43,-0.425,-0.41,-0.415,-0.42,-0.43,-0.435,-0.43,-0.425,-0.43,-0.44,-0.44,-0.44,-0.43,-0.42,-0.425,-0.425,-0.435,-0.43,-0.435,-0.43,-0.425,-0.43,-0.435,-0.425,-0.42,-0.42,-0.42,-0.42,-0.44,-0.435,-0.43,-0.425,-0.435,-0.44,-0.445,-0.435,-0.435,-0.425,-0.425,-0.435,-0.445,-0.435,-0.445,-0.42,-0.425,-0.43,-0.44,-0.435,-0.42,-0.42,-0.42,-0.415,-0.43,-0.43,-0.43,-0.415,-0.425,-0.435,-0.45,-0.445,-0.44,-0.435,-0.44,-0.435,-0.445,-0.44,-0.44,-0.425,-0.425,-0.425,-0.43,-0.435,-0.41,-0.395,-0.395,-0.39,-0.385,-0.39,-0.38,-0.355,-0.34,-0.35,-0.345
-0.35,-0.35,-0.35,-0.355,-0.365,-0.37,-0.35,-0.345,-0.345,-0.35,-0.36,-0.35,-0.325,-0.32,-0.295,-0.295,-0.31,-0.285,-0.28,-0.265,-0.25,-0.26,-0.265,-0.255,-0.24,-0.225,-0.23,-0.245,-0.265,-0.265,-0.265,-0.27,-0.255,-0.26,-0.275,-0.285,-0.275,-0.26,-0.225,-0.23,-0.25,-0.285,-0.3,-0.285,-0.3,-0.325,-0.345,-0.345,-0.335,-0.325,-0.32,-0.33,-0.35,-0.355,-0.36,-0.355,-0.36,-0.365,-0.375,-0.38,-0.375,-0.37,-0.37,-0.37,-0.395,-0.395,-0.385,-0.39,-0.39,-0.38,-0.39,-0.38,-0.385,-0.37,-0.38,-0.4,-0.425,-0.46,-0.5,-0.505,-0.54,-0.595,-0.615,-0.535,-0.39,-0.225,-0.025,0.235,0.51,0.745,0.85,0.76,0.45,0.02,-0.35,-0.53,-0.525,-0.46,-0.415,-0.395,-0.415,-0.415,-0.41,-0.39,-0.385,-0.4,-0.425,-0.425,-0.415,-0.415,-0.405,-0.425,-0.425,-0.42,-0.42,-0.42,-0.41,-0.42,-0.425,-0.425,-0.41,-0.4,-0.395,-0.4,-0.41,-0.415,-0.405,-0.395,-0.385,-0.405,-0.41,-0.4,-0.405,-0.39,-0.39,-0.39,-0.4,-0.405,-0.395,-0.4,-0.4,-0.4,-0.42,-0.415,-0.4,-0.395,-0.4,-0.41,-0.41,-0.4,-0.4,-0.385,-0.395,-0.405,-0.415,-0.41,-0.405,-0.385,-0.39,-0.395,-0.405,-0.39,-0.385,-0.39,-0.395,-0.41,-0.415,-0.42,-0.405,-0.395,-0.4,-0.415,-0.43,-0.43,-0.42,-0.41,-0.42,-0.435,-0.425,-0.43,-0.425,-0.415,-0.415,-0.425,-0.425,-0.42,-0.405,-0.395,-0.4,-0.405,-0.425,-0.41,-0.395,-0.39,-0.385,-0.38,-0.375,-0.37,-0.355,-0.35
-0.385,-0.39,-0.395,-0.39,-0.375,-0.375,-0.38,-0.39,-0.395,-0.38,-0.38,-0.345,-0.335,-0.345,-0.335,-0.345,-0.325,-0.32,-0.32,-0.335,-0.345,-0.33,-0.31,-0.31,-0.3,-0.31,-0.315,-0.3,-0.29,-0.29,-0.305,-0.305,-0.31,-0.315,-0.305,-0.3,-0.32,-0.32,-0.315,-0.3,-0.285,-0.295,-0.33,-0.345,-0.38,-0.395,-0.4,-0.395,-0.42,-0.435,-0.445,-0.445,-0.44,-0.43,-0.425,-0.435,-0.445,-0.435,-0.425,-0.415,-0.425,-0.44,-0.445,-0.45,-0.435,-0.43,-0.425,-0.425,-0.445,-0.45,-0.445,-0.44,-0.47,-0.505,-0.545,-0.57,-0.595,-0.645,-0.67,-0.64,-0.57,-0.47,-0.37,-0.29,-0.19,-0.07,0.085,0.3,0.515,0.7,0.82,0.84,0.69,0.335,-0.04,-0.335,-0.52,-0.59,-0.58,-0.53,-0.49,-0.475,-0.47,-0.485,-0.49,-0.48,-0.475,-0.47,-0.475,-0.48,-0.5,-0.505,-0.505,-0.485,-0.475,-0.485,-0.5,-0.5,-0.485,-0.47,-0.485,-0.495,-0.495,-0.495,-0.48,-0.48,-0.46,-0.46,-0.47,-0.475,-0.48,-0.475,-0.49,-0.49,-0.505,-0.5,-0.485,-0.48,-0.485,-0.48,-0.5,-0.495,-0.48,-0.475,-0.475,-0.47,-0.49,-0.475,-0.48,-0.47,-0.485,-0.48,-0.49,-0.485,-0.49,-0.49,-0.495,-0.5,-0.515,-0.515,-0.495,-0.485,-0.465,-0.475,-0.49,-0.495,-0.5,-0.495,-0.5,-0.51,-0.505,-0.51,-0.5,-0.505,-0.51,-0.525,-0.545,-0.54,-0.53,-0.53,-0.535,-0.55,-0.56,-0.545,-0.54,-0.535,-0.53,-0.54,-0.545,-0.55,-0.53,-0.525,-0.515,-0.5,-0.51,-0.49,-0.465,-0.455,-0.44,-0.44
-0.425,-0.43,-0.435,-0.42,-0.42,-0.415,-0.42,-0.435,-0.43,-0.415,-0.39,-0.38,-0.385,-0.385,-0.375,-0.38,-0.35,-0.335,-0.335,-0.33,-0.335,-0.32,-0.305,-0.29,-0.3,-0.325,-0.325,-0.325,-0.32,-0.335,-0.33,-0.345,-0.345,-0.34,-0.345,-0.335,-0.325,-0.325,-0.32,-0.34,-0.345,-0.36,-0.38,-0.41,-0.42,-0.415,-0.41,-0.415,-0.43,-0.435,-0.435,-0.435,-0.435,-0.43,-0.435,-0.45,-0.46,-0.45,-0.435,-0.44,-0.445,-0.455,-0.455,-0.45,-0.45,-0.445,-0.445,-0.47,-0.465,-0.455,-0.445,-0.45,-0.445,-0.46,-0.47,-0.49,-0.52,-0.54,-0.565,-0.61,-0.64,-0.64,-0.565,-0.445,-0.315,-0.16,0.06,0.34,0.6,0.785,0.85,0.74,0.455,0.08,-0.26,-0.485,-0.57,-0.58,-0.555,-0.505,-0.495,-0.475,-0.485,-0.485,-0.49,-0.485,-0.47,-0.475,-0.49,-0.495,-0.5,-0.505,-0.49,-0.495,-0.5,-0.495,-0.495,-0.495,-0.475,-0.475,-0.49,-0.495,-0.49,-0.48,-0.48,-0.48,-0.49,-0.5,-0.5,-0.48,-0.475,-0.485,-0.48,-0.505,-0.485,-0.48,-0.465,-0.48,-0.49,-0.495,-0.49,-0.485,-0.485,-0.475,-0.49,-0.495,-0.5,-0.49,-0.48,-0.485,-0.495,-0.5,-0.485,-0.485,-0.475,-0.48,-0.485,-0.495,-0.5,-0.49,-0.485,-0.485,-0.495,-0.5,-0.495,-0.485,-0.475,-0.47,-0.485,-0.49,-0.48,-0.5,-0.485,-0.475,-0.49,-0.505,-0.495,-0.5,-0.495,-0.5,-0.52,-0.53,-0.525,-0.515,-0.505,-0.515,-0.515,-0.53,-0.525,-0.51,-0.505,-0.505,-0.505,-0.53,-0.52,-0.515,-0.49,-0.49,-0.495,-0.505
-0.4,-0.395,-0.4,-0.415,-0.41,-0.395,-0.39,-0.395,-0.385,-0.38,-0.365,-0.345,-0.32,-0.315,-0.315,-0.34,-0.34,-0.315,-0.31,-0.31,-0.32,-0.315,-0.315,-0.295,-0.29,-0.29,-0.285,-0.305,-0.305,-0.3,-0.3,-0.31,-0.325,-0.335,-0.325,-0.32,-0.31,-0.315,-0.315,-0.31,-0.28,-0.27,-0.285,-0.315,-0.34,-0.365,-0.365,-0.375,-0.385,-0.39,-0.425,-0.435,-0.425,-0.415,-0.41,-0.405,-0.415,-0.43,-0.43,-0.42,-0.415,-0.41,-0.415,-0.44,-0.43,-0.415,-0.41,-0.42,-0.425,-0.435,-0.43,-0.435,-0.425,-0.44,-0.465,-0.515,-0.55,-0.555,-0.57,-0.605,-0.64,-0.65,-0.595,-0.47,-0.325,-0.18,-0.005,0.23,0.515,0.755,0.885,0.93,0.835,0.565,0.16,-0.2,-0.415,-0.535,-0.56,-0.56,-0.52,-0.485,-0.445,-0.435,-0.44,-0.445,-0.455,-0.455,-0.45,-0.455,-0.47,-0.485,-0.485,-0.48,-0.475,-0.48,-0.48,-0.49,-0.49,-0.49,-0.48,-0.47,-0.48,-0.495,-0.49,-0.48,-0.46,-0.46,-0.455,-0.48,-0.48,-0.46,-0.455,-0.455,-0.46,-0.49,-0.475,-0.475,-0.465,-0.45,-0.465,-0.475,-0.47,-0.465,-0.455,-0.45,-0.455,-0.47,-0.475,-0.455,-0.445,-0.445,-0.45,-0.47,-0.465,-0.455,-0.45,-0.445,-0.46,-0.475,-0.475,-0.465,-0.45,-0.45,-0.475,-0.47,-0.47,-0.47,-0.46,-0.45,-0.47,-0.47,-0.475,-0.465,-0.45,-0.445,-0.465,-0.47,-0.47,-0.455,-0.465,-0.45,-0.46,-0.465,-0.475,-0.46,-0.455,-0.46,-0.47,-0.48,-0.48,-0.475,-0.465,-0.465,-0.475,-0.475,-0.485,-0.47,-0.455,-0.46
-0.38,-0.375,-0.37,-0.38,-0.375,-0.38,-0.365,-0.345,-0.34,-0.35,-0.345,-0.325,-0.315,-0.315,-0.305,-0.315,-0.315,-0.305,-0.29,-0.28,-0.27,-0.27,-0.285,-0.28,-0.28,-0.275,-0.275,-0.29,-0.3,-0.29,-0.285,-0.275,-0.275,-0.29,-0.285,-0.265,-0.25,-0.26,-0.29,-0.315,-0.34,-0.37,-0.375,-0.37,-0.37,-0.39,-0.4,-0.4,-0.39,-0.385,-0.39,-0.405,-0.415,-0.405,-0.405,-0.4,-0.385,-0.395,-0.415,-0.41,-0.4,-0.395,-0.405,-0.42,-0.42,-0.425,-0.415,-0.41,-0.415,-0.44,-0.485,-0.52,-0.54,-0.55,-0.58,-0.63,-0.68,-0.695,-0.67,-0.645,-0.595,-0.525,-0.465,-0.39,-0.33,-0.225,-0.05,0.185,0.44,0.67,0.81,0.825,0.66,0.355,-0.035,-0.35,-0.5,-0.53,-0.505,-0.47,-0.455,-0.45,-0.45,-0.435,-0.43,-0.44,-0.45,-0.455,-0.455,-0.44,-0.435,-0.44,-0.45,-0.45,-0.44,-0.425,-0.425,-0.425,-0.455,-0.455,-0.43,-0.425,-0.44,-0.44,-0.45,-0.445,-0.435,-0.425,-0.42,-0.43,-0.435,-0.43,-0.435,-0.43,-0.43,-0.445,-0.45,-0.45,-0.435,-0.43,-0.425,-0.425,-0.435,-0.435,-0.415,-0.42,-0.43,-0.435,-0.445,-0.445,-0.44,-0.44,-0.44,-0.44,-0.44,-0.45,-0.435,-0.43,-0.425,-0.42,-0.44,-0.445,-0.42,-0.42,-0.42,-0.425,-0.435,-0.425,-0.41,-0.41,-0.42,-0.43,-0.44,-0.435,-0.445,-0.415,-0.43,-0.42,-0.435,-0.435,-0.43,-0.425,-0.425,-0.43,-0.445,-0.44,-0.44,-0.425,-0.44,-0.445,-0.46,-0.46,-0.445,-0.445,-0.435,-0.445,-0.455,-0.46,-0.435,-0.43
-0.39,-0.375,-0.39,-0.39,-0.38,-0.38,-0.385,-0.39,-0.41,-0.4,-0.39,-0.38,-0.385,-0.39,-0.38,-0.36,-0.35,-0.325,-0.33,-0.33,-0.33,-0.345,-0.31,-0.295,-0.285,-0.28,-0.28,-0.275,-0.265,-0.275,-0.27,-0.275,-0.3,-0.295,-0.285,-0.295,-0.3,-0.325,-0.325,-0.305,-0.285,-0.285,-0.31,-0.34,-0.37,-0.38,-0.39,-0.38,-0.38,-0.385,-0.41,-0.405,-0.395,-0.39,-0.39,-0.41,-0.43,-0.415,-0.42,-0.405,-0.405,-0.405,-0.405,-0.41,-0.405,-0.41,-0.415,-0.425,-0.425,-0.415,-0.415,-0.405,-0.405,-0.41,-0.425,-0.435,-0.445,-0.485,-0.52,-0.545,-0.58,-0.615,-0.605,-0.525,-0.38,-0.23,-0.05,0.205,0.5,0.73,0.835,0.755,0.48,0.075,-0.275,-0.47,-0.545,-0.545,-0.505,-0.47,-0.455,-0.44,-0.44,-0.445,-0.445,-0.45,-0.445,-0.45,-0.44,-0.45,-0.46,-0.465,-0.445,-0.445,-0.45,-0.455,-0.465,-0.47,-0.46,-0.45,-0.455,-0.455,-0.465,-0.46,-0.44,-0.435,-0.44,-0.45,-0.455,-0.45,-0.445,-0.445,-0.445,-0.455,-0.455,-0.445,-0.44,-0.44,-0.455,-0.475,-0.465,-0.465,-0.455,-0.44,-0.44,-0.445,-0.445,-0.44,-0.44,-0.435,-0.44,-0.455,-0.465,-0.47,-0.475,-0.45,-0.445,-0.44,-0.45,-0.46,-0.45,-0.435,-0.435,-0.455,-0.46,-0.465,-0.46,-0.45,-0.455,-0.455,-0.465,-0.455,-0.455,-0.445,-0.465,-0.47,-0.48,-0.485,-0.49,-0.485,-0.48,-0.495,-0.515,-0.515,-0.505,-0.485,-0.48,-0.495,-0.505,-0.495,-0.495,-0.475,-0.46,-0.465,-0.465,-0.445,-0.43,-0.41,-0.415,-0.41
-0.375,-0.36,-0.355,-0.37,-0.38,-0.365,-0.35,-0.355,-0.355,-0.355,-0.37,-0.36,-0.35,-0.335,-0.345,-0.35,-0.355,-0.345,-0.325,-0.31,-0.31,-0.305,-0.305,-0.305,-0.285,-0.275,-0.265,-0.265,-0.26,-0.245,-0.24,-0.225,-0.24,-0.235,-0.245,-0.26,-0.24,-0.23,-0.245,-0.255,-0.25,-0.255,-0.26,-0.26,-0.24,-0.24,-0.245,-0.25,-0.27,-0.285,-0.305,-0.33,-0.345,-0.345,-0.355,-0.355,-0.36,-0.365,-0.365,-0.37,-0.35,-0.35,-0.355,-0.365,-0.375,-0.375,-0.36,-0.355,-0.355,-0.36,-0.38,-0.385,-0.375,-0.37,-0.385,-0.41,-0.445,-0.49,-0.505,-0.525,-0.58,-0.595,-0.545,-0.41,-0.26,-0.085,0.12,0.39,0.635,0.845,0.93,0.86,0.575,0.16,-0.215,-0.455,-0.53,-0.54,-0.535,-0.55,-0.535,-0.51,-0.46,-0.41,-0.41,-0.425,-0.43,-0.43,-0.425,-0.41,-0.41,-0.425,-0.43,-0.425,-0.42,-0.405,-0.41,-0.41,-0.41,-0.42,-0.405,-0.395,-0.395,-0.41,-0.415,-0.42,-0.41,-0.4,-0.41,-0.42,-0.42,-0.425,-0.415,-0.415,-0.405,-0.415,-0.42,-0.43,-0.425,-0.405,-0.41,-0.41,-0.42,-0.415,-0.4,-0.385,-0.395,-0.395,-0.405,-0.405,-0.4,-0.39,-0.395,-0.405,-0.42,-0.42,-0.405,-0.39,-0.4,-0.41,-0.42,-0.425,-0.41,-0.4,-0.395,-0.405,-0.41,-0.42,-0.4,-0.405,-0.405,-0.41,-0.425,-0.415,-0.415,-0.4,-0.405,-0.415,-0.43,-0.42,-0.41,-0.42,-0.425,-0.42,-0.44,-0.43,-0.435,-0.43,-0.43,-0.435,-0.44,-0.43,-0.42,-0.41,-0.41,-0.395,-0.385,-0.38,-0.36,-0.34
-0.32,-0.325,-0.32,-0.335,-0.35,-0.34,-0.325,-0.32,-0.335,-0.345,-0.33,-0.33,-0.305,-0.305,-0.285,-0.285,-0.275,-0.28,-0.265,-0.26,-0.255,-0.25,-0.245,-0.225,-0.21,-0.19,-0.22,-0.22,-0.23,-0.23,-0.22,-0.235,-0.245,-0.26,-0.25,-0.24,-0.23,-0.23,-0.245,-0.27,-0.285,-0.255,-0.23,-0.215,-0.21,-0.225,-0.26,-0.285,-0.28,-0.305,-0.315,-0.335,-0.345,-0.335,-0.335,-0.34,-0.34,-0.355,-0.355,-0.355,-0.345,-0.365,-0.385,-0.38,-0.385,-0.375,-0.365,-0.37,-0.375,-0.38,-0.38,-0.375,-0.37,-0.375,-0.39,-0.425,-0.455,-0.485,-0.485,-0.52,-0.555,-0.585,-0.53,-0.385,-0.235,-0.095,0.115,0.365,0.635,0.84,0.925,0.86,0.595,0.195,-0.22,-0.445,-0.505,-0.48,-0.435,-0.415,-0.405,-0.39,-0.39,-0.395,-0.4,-0.41,-0.415,-0.4,-0.395,-0.405,-0.405,-0.405,-0.405,-0.395,-0.38,-0.39,-0.405,-0.405,-0.41,-0.405,-0.395,-0.395,-0.405,-0.41,-0.405,-0.405,-0.39,-0.4,-0.405,-0.42,-0.425,-0.405,-0.4,-0.395,-0.395,-0.4,-0.4,-0.4,-0.385,-0.39,-0.395,-0.395,-0.4,-0.385,-0.385,-0.395,-0.395,-0.4,-0.4,-0.395,-0.39,-0.395,-0.4,-0.41,-0.41,-0.405,-0.39,-0.385,-0.395,-0.405,-0.41,-0.4,-0.38,-0.385,-0.39,-0.395,-0.395,-0.385,-0.385,-0.39,-0.4,-0.395,-0.4,-0.39,-0.385,-0.395,-0.405,-0.405,-0.42,-0.41,-0.395,-0.405,-0.41,-0.425,-0.42,-0.425,-0.4,-0.405,-0.405,-0.395,-0.405,-0.395,-0.385,-0.395,-0.4,-0.395,-0.395,-0.38,-0.365,-0.375
-0.355,-0.355,-0.35,-0.335,-0.34,-0.35,-0.36,-0.345,-0.325,-0.335,-0.345,-0.35,-0.34,-0.325,-0.305,-0.29,-0.265,-0.255,-0.275,-0.26,-0.25,-0.265,-0.265,-0.255,-0.25,-0.25,-0.225,-0.225,-0.24,-0.25,-0.25,-0.25,-0.245,-0.245,-0.25,-0.245,-0.255,-0.25,-0.245,-0.265,-0.265,-0.275,-0.275,-0.245,-0.21,-0.205,-0.235,-0.275,-0.3,-0.29,-0.3,-0.33,-0.345,-0.35,-0.365,-0.355,-0.34,-0.35,-0.36,-0.375,-0.37,-0.37,-0.36,-0.365,-0.375,-0.38,-0.385,-0.36,-0.36,-0.36,-0.36,-0.38,-0.39,-0.395,-0.375,-0.405,-0.45,-0.49,-0.52,-0.545,-0.57,-0.6,-0.565,-0.48,-0.335,-0.17,0.04,0.315,0.57,0.73,0.77,0.655,0.38,0.0,-0.31,-0.485,-0.52,-0.475,-0.42,-0.41,-0.425,-0.425,-0.43,-0.43,-0.41,-0.42,-0.44,-0.435,-0.445,-0.44,-0.425,-0.415,-0.425,-0.44,-0.455,-0.45,-0.43,-0.425,-0.43,-0.445,-0.44,-0.43,-0.415,-0.415,-0.43,-0.44,-0.445,-0.435,-0.415,-0.42,-0.44,-0.435,-0.445,-0.425,-0.42,-0.43,-0.43,-0.44,-0.435,-0.435,-0.425,-0.43,-0.44,-0.44,-0.445,-0.44,-0.425,-0.43,-0.43,-0.435,-0.435,-0.435,-0.43,-0.435,-0.435,-0.43,-0.425,-0.42,-0.405,-0.42,-0.43,-0.435,-0.445,-0.425,-0.41,-0.42,-0.435,-0.44,-0.445,-0.435,-0.43,-0.43,-0.44,-0.46,-0.475,-0.45,-0.44,-0.44,-0.44,-0.475,-0.46,-0.45,-0.44,-0.44,-0.45,-0.46,-0.47,-0.465,-0.45,-0.45,-0.465,-0.455,-0.46,-0.45,-0.435,-0.435,-0.43,-0.435,-0.43,-0.405
-0.42,-0.43,-0.42,-0.415,-0.41,-0.41,-0.415,-0.405,-0.39,-0.375,-0.385,-0.39,-0.39,-0.39,-0.385,-0.38,-0.365,-0.37,-0.37,-0.37,-0.345,-0.335,-0.34,-0.34,-0.34,-0.335,-0.32,-0.305,-0.305,-0.3,-0.31,-0.325,-0.315,-0.31,-0.32,-0.325,-0.315,-0.32,-0.325,-0.32,-0.325,-0.33,-0.32,-0.305,-0.305,-0.32,-0.36,-0.395,-0.39,-0.415,-0.41,-0.405,-0.42,-0.435,-0.445,-0.455,-0.435,-0.425,-0.42,-0.435,-0.43,-0.455,-0.445,-0.43,-0.43,-0.435,-0.455,-0.45,-0.44,-0.43,-0.415,-0.445,-0.465,-0.45,-0.445,-0.45,-0.495,-0.535,-0.555,-0.575,-0.605,-0.64,-0.63,-0.575,-0.46,-0.325,-0.15,0.085,0.35,0.585,0.735,0.77,0.63,0.34,-0.045,-0.36,-0.52,-0.57,-0.555,-0.51,-0.495,-0.49,-0.5,-0.49,-0.475,-0.48,-0.47,-0.48,-0.485,-0.48,-0.485,-0.47,-0.475,-0.47,-0.48,-0.485,-0.46,-0.455,-0.47,-0.47,-0.475,-0.485,-0.465,-0.455,-0.45,-0.46,-0.46,-0.465,-0.47,-0.46,-0.47,-0.485,-0.505,-0.5,-0.485,-0.48,-0.485,-0.48,-0.48,-0.485,-0.475,-0.465,-0.465,-0.47,-0.47,-0.475,-0.47,-0.47,-0.475,-0.475,-0.49,-0.48,-0.485,-0.475,-0.475,-0.49,-0.495,-0.495,-0.485,-0.48,-0.47,-0.49,-0.49,-0.49,-0.485,-0.47,-0.475,-0.485,-0.485,-0.5,-0.48,-0.475,-0.475,-0.48,-0.5,-0.505,-0.495,-0.485,-0.49,-0.52,-0.525,-0.53,-0.525,-0.515,-0.52,-0.54,-0.535,-0.54,-0.535,-0.525,-0.53,-0.53,-0.52,-0.51,-0.5,-0.475,-0.48,-0.475,-0.475,-0.465
